DATE,EVENT_TYPE,VALUE
2010-02-27,EXTREME_HEAT,33.36
2010-03-08,EXTREME_HEAT,34.41
2010-03-09,EXTREME_HEAT,33.04
2010-03-10,EXTREME_HEAT,33.7
2010-03-11,EXTREME_HEAT,35.1
2010-03-12,EXTREME_HEAT,34.58
2010-03-15,EXTREME_HEAT,33.16
2010-03-18,EXTREME_HEAT,33.7
2010-03-19,EXTREME_HEAT,34.21
2010-03-20,EXTREME_HEAT,33.77
2010-03-21,EXTREME_HEAT,33.77
2010-03-22,EXTREME_HEAT,32.98
2010-03-23,EXTREME_HEAT,33.34
2010-03-24,EXTREME_HEAT,33.78
2010-03-25,EXTREME_HEAT,34.19
2010-03-26,EXTREME_HEAT,33.35
2010-03-27,EXTREME_HEAT,33.05
2010-03-28,EXTREME_HEAT,34.6
2010-04-01,EXTREME_HEAT,34.05
2010-04-02,EXTREME_HEAT,34.2
2010-04-03,EXTREME_HEAT,36.16
2010-04-09,EXTREME_HEAT,33.96
2010-04-24,PROLONGED_RAIN,3.0
2010-04-28,PROLONGED_RAIN,3.0
2010-05-03,EXTREME_HEAT,33.5
2010-05-06,EXTREME_HEAT,34.04
2010-05-20,PROLONGED_RAIN,3.0
2010-05-21,PROLONGED_RAIN,4.0
2010-05-22,PROLONGED_RAIN,5.0
2010-06-01,PROLONGED_RAIN,3.0
2010-06-02,PROLONGED_RAIN,4.0
2010-06-06,PROLONGED_RAIN,3.0
2010-06-07,PROLONGED_RAIN,4.0
2010-06-08,PROLONGED_RAIN,5.0
2010-06-09,PROLONGED_RAIN,6.0
2010-06-10,PROLONGED_RAIN,7.0
2010-06-11,PROLONGED_RAIN,8.0
2010-06-12,PROLONGED_RAIN,9.0
2010-06-13,PROLONGED_RAIN,10.0
2010-06-14,PROLONGED_RAIN,11.0
2010-06-14,HEAVY_RAIN,87.14
2010-06-15,HEAVY_RAIN,49.42
2010-06-15,PROLONGED_RAIN,12.0
2010-06-16,PROLONGED_RAIN,13.0
2010-06-17,HEAVY_RAIN,56.58
2010-06-17,PROLONGED_RAIN,14.0
2010-06-18,PROLONGED_RAIN,15.0
2010-06-19,PROLONGED_RAIN,16.0
2010-06-20,PROLONGED_RAIN,17.0
2010-06-21,PROLONGED_RAIN,18.0
2010-06-22,PROLONGED_RAIN,19.0
2010-06-23,PROLONGED_RAIN,20.0
2010-06-24,PROLONGED_RAIN,21.0
2010-06-24,EXTREME_HUMIDITY,91.63
2010-06-24,HEAVY_RAIN,64.33
2010-06-25,HEAVY_RAIN,100.2
2010-06-25,PROLONGED_RAIN,22.0
2010-06-26,HEAVY_RAIN,54.63
2010-06-26,PROLONGED_RAIN,23.0
2010-06-27,PROLONGED_RAIN,24.0
2010-06-28,PROLONGED_RAIN,25.0
2010-06-29,PROLONGED_RAIN,26.0
2010-06-30,PROLONGED_RAIN,27.0
2010-07-01,HEAVY_RAIN,77.99
2010-07-01,PROLONGED_RAIN,28.0
2010-07-02,PROLONGED_RAIN,29.0
2010-07-03,PROLONGED_RAIN,30.0
2010-07-04,EXTREME_HUMIDITY,91.67
2010-07-04,HEAVY_RAIN,84.28
2010-07-04,PROLONGED_RAIN,31.0
2010-07-05,PROLONGED_RAIN,32.0
2010-07-06,PROLONGED_RAIN,33.0
2010-07-07,HEAVY_RAIN,50.53
2010-07-07,EXTREME_HUMIDITY,92.37
2010-07-07,PROLONGED_RAIN,34.0
2010-07-08,PROLONGED_RAIN,35.0
2010-07-09,PROLONGED_RAIN,36.0
2010-07-10,PROLONGED_RAIN,37.0
2010-07-11,PROLONGED_RAIN,38.0
2010-07-12,PROLONGED_RAIN,39.0
2010-07-13,PROLONGED_RAIN,40.0
2010-07-14,PROLONGED_RAIN,41.0
2010-07-15,PROLONGED_RAIN,42.0
2010-07-15,HEAVY_RAIN,71.56
2010-07-16,PROLONGED_RAIN,43.0
2010-07-16,EXTREME_HUMIDITY,92.07
2010-07-16,HEAVY_RAIN,57.76
2010-07-17,PROLONGED_RAIN,44.0
2010-07-18,PROLONGED_RAIN,45.0
2010-07-19,EXTREME_HUMIDITY,93.0
2010-07-19,PROLONGED_RAIN,46.0
2010-07-19,HEAVY_RAIN,105.03
2010-07-20,HEAVY_RAIN,86.52
2010-07-20,PROLONGED_RAIN,47.0
2010-07-20,EXTREME_HUMIDITY,92.88
2010-07-21,PROLONGED_RAIN,48.0
2010-07-21,HEAVY_RAIN,73.79
2010-07-21,EXTREME_HUMIDITY,93.85
2010-07-22,EXTREME_HUMIDITY,92.28
2010-07-22,PROLONGED_RAIN,49.0
2010-07-23,EXTREME_HUMIDITY,91.68
2010-07-23,PROLONGED_RAIN,50.0
2010-07-24,PROLONGED_RAIN,51.0
2010-07-24,EXTREME_HUMIDITY,92.64
2010-07-25,PROLONGED_RAIN,52.0
2010-07-25,EXTREME_HUMIDITY,93.34
2010-07-26,EXTREME_HUMIDITY,91.79
2010-07-26,PROLONGED_RAIN,53.0
2010-07-27,PROLONGED_RAIN,54.0
2010-07-27,EXTREME_HUMIDITY,92.1
2010-07-28,EXTREME_HUMIDITY,93.57
2010-07-28,PROLONGED_RAIN,55.0
2010-07-29,PROLONGED_RAIN,56.0
2010-07-29,EXTREME_HUMIDITY,94.13
2010-07-29,HEAVY_RAIN,154.45
2010-07-30,HEAVY_RAIN,120.53
2010-07-30,EXTREME_HUMIDITY,92.82
2010-07-30,PROLONGED_RAIN,57.0
2010-07-31,HEAVY_RAIN,66.33
2010-07-31,PROLONGED_RAIN,58.0
2010-08-01,PROLONGED_RAIN,59.0
2010-08-02,PROLONGED_RAIN,60.0
2010-08-03,PROLONGED_RAIN,61.0
2010-08-03,EXTREME_HUMIDITY,93.49
2010-08-04,EXTREME_HUMIDITY,93.87
2010-08-04,PROLONGED_RAIN,62.0
2010-08-05,PROLONGED_RAIN,63.0
2010-08-06,PROLONGED_RAIN,64.0
2010-08-07,EXTREME_HUMIDITY,92.08
2010-08-07,PROLONGED_RAIN,65.0
2010-08-08,PROLONGED_RAIN,66.0
2010-08-09,PROLONGED_RAIN,67.0
2010-08-10,PROLONGED_RAIN,68.0
2010-08-11,PROLONGED_RAIN,69.0
2010-08-12,PROLONGED_RAIN,70.0
2010-08-12,EXTREME_HUMIDITY,91.76
2010-08-13,PROLONGED_RAIN,71.0
2010-08-14,PROLONGED_RAIN,72.0
2010-08-14,EXTREME_HUMIDITY,91.52
2010-08-15,PROLONGED_RAIN,73.0
2010-08-15,EXTREME_HUMIDITY,93.28
2010-08-16,PROLONGED_RAIN,74.0
2010-08-16,HEAVY_RAIN,50.31
2010-08-16,EXTREME_HUMIDITY,94.58
2010-08-17,PROLONGED_RAIN,75.0
2010-08-17,EXTREME_HUMIDITY,91.96
2010-08-18,PROLONGED_RAIN,76.0
2010-08-18,EXTREME_HUMIDITY,92.9
2010-08-19,PROLONGED_RAIN,77.0
2010-08-19,EXTREME_HUMIDITY,92.08
2010-08-20,EXTREME_HUMIDITY,91.82
2010-08-20,PROLONGED_RAIN,78.0
2010-08-21,PROLONGED_RAIN,79.0
2010-08-21,EXTREME_HUMIDITY,92.22
2010-08-22,PROLONGED_RAIN,80.0
2010-08-22,EXTREME_HUMIDITY,92.88
2010-08-23,EXTREME_HUMIDITY,93.28
2010-08-23,PROLONGED_RAIN,81.0
2010-08-24,HEAVY_RAIN,63.24
2010-08-24,EXTREME_HUMIDITY,94.3
2010-08-24,PROLONGED_RAIN,82.0
2010-08-25,HEAVY_RAIN,50.77
2010-08-25,EXTREME_HUMIDITY,93.76
2010-08-25,PROLONGED_RAIN,83.0
2010-08-26,PROLONGED_RAIN,84.0
2010-08-26,EXTREME_HUMIDITY,93.16
2010-08-27,EXTREME_HUMIDITY,94.02
2010-08-27,PROLONGED_RAIN,85.0
2010-08-28,PROLONGED_RAIN,86.0
2010-08-28,EXTREME_HUMIDITY,92.97
2010-08-29,PROLONGED_RAIN,87.0
2010-08-29,EXTREME_HUMIDITY,94.18
2010-08-30,PROLONGED_RAIN,88.0
2010-08-30,HEAVY_RAIN,69.55
2010-08-30,EXTREME_HUMIDITY,94.02
2010-08-31,PROLONGED_RAIN,89.0
2010-08-31,EXTREME_HUMIDITY,93.47
2010-09-01,EXTREME_HUMIDITY,92.17
2010-09-01,PROLONGED_RAIN,90.0
2010-09-02,PROLONGED_RAIN,91.0
2010-09-03,EXTREME_HUMIDITY,92.66
2010-09-03,PROLONGED_RAIN,92.0
2010-09-04,PROLONGED_RAIN,93.0
2010-09-04,EXTREME_HUMIDITY,91.92
2010-09-05,EXTREME_HUMIDITY,92.98
2010-09-05,PROLONGED_RAIN,94.0
2010-09-06,PROLONGED_RAIN,95.0
2010-09-06,EXTREME_HUMIDITY,92.55
2010-09-07,PROLONGED_RAIN,96.0
2010-09-07,EXTREME_HUMIDITY,93.32
2010-09-08,EXTREME_HUMIDITY,92.02
2010-09-08,PROLONGED_RAIN,97.0
2010-09-09,PROLONGED_RAIN,98.0
2010-09-09,EXTREME_HUMIDITY,92.58
2010-09-10,PROLONGED_RAIN,99.0
2010-09-10,HEAVY_RAIN,57.44
2010-09-10,EXTREME_HUMIDITY,92.79
2010-09-11,PROLONGED_RAIN,100.0
2010-09-12,PROLONGED_RAIN,101.0
2010-09-13,PROLONGED_RAIN,102.0
2010-09-13,EXTREME_HUMIDITY,91.59
2010-09-14,PROLONGED_RAIN,103.0
2010-09-14,HEAVY_RAIN,58.2
2010-09-15,EXTREME_HUMIDITY,92.18
2010-09-15,PROLONGED_RAIN,104.0
2010-09-16,PROLONGED_RAIN,105.0
2010-09-17,PROLONGED_RAIN,106.0
2010-09-18,PROLONGED_RAIN,107.0
2010-09-23,HEAVY_RAIN,85.8
2010-09-23,PROLONGED_RAIN,3.0
2010-09-24,PROLONGED_RAIN,4.0
2010-09-25,PROLONGED_RAIN,5.0
2010-09-26,PROLONGED_RAIN,6.0
2010-09-27,PROLONGED_RAIN,7.0
2010-09-28,PROLONGED_RAIN,8.0
2010-09-29,PROLONGED_RAIN,9.0
2010-09-30,PROLONGED_RAIN,10.0
2010-10-01,PROLONGED_RAIN,11.0
2010-10-02,PROLONGED_RAIN,12.0
2010-10-03,PROLONGED_RAIN,13.0
2010-10-04,PROLONGED_RAIN,14.0
2010-10-05,PROLONGED_RAIN,15.0
2010-10-06,PROLONGED_RAIN,16.0
2010-10-07,PROLONGED_RAIN,17.0
2010-10-08,PROLONGED_RAIN,18.0
2010-10-14,PROLONGED_RAIN,3.0
2010-10-15,PROLONGED_RAIN,4.0
2010-10-16,PROLONGED_RAIN,5.0
2010-10-17,PROLONGED_RAIN,6.0
2010-10-18,PROLONGED_RAIN,7.0
2010-10-19,PROLONGED_RAIN,8.0
2010-10-21,HEAVY_RAIN,84.89
2010-10-22,EXTREME_HUMIDITY,91.57
2010-10-22,HEAVY_RAIN,67.78
2010-10-23,PROLONGED_RAIN,3.0
2010-10-23,EXTREME_HUMIDITY,91.68
2010-10-24,PROLONGED_RAIN,4.0
2010-11-01,PROLONGED_RAIN,3.0
2010-11-02,PROLONGED_RAIN,4.0
2010-11-03,PROLONGED_RAIN,5.0
2010-11-04,PROLONGED_RAIN,6.0
2010-11-05,PROLONGED_RAIN,7.0
2010-11-06,PROLONGED_RAIN,8.0
2010-11-07,PROLONGED_RAIN,9.0
2010-11-08,EXTREME_HUMIDITY,92.01
2010-11-08,PROLONGED_RAIN,10.0
2010-11-09,PROLONGED_RAIN,11.0
2010-11-10,PROLONGED_RAIN,12.0
2010-11-11,PROLONGED_RAIN,13.0
2010-11-11,EXTREME_HUMIDITY,92.18
2010-11-15,PROLONGED_RAIN,3.0
2010-11-16,PROLONGED_RAIN,4.0
2010-11-17,PROLONGED_RAIN,5.0
2010-11-18,PROLONGED_RAIN,6.0
2010-11-19,PROLONGED_RAIN,7.0
2010-11-20,PROLONGED_RAIN,8.0
2010-11-21,PROLONGED_RAIN,9.0
2010-11-22,PROLONGED_RAIN,10.0
2010-11-23,PROLONGED_RAIN,11.0
2011-03-06,EXTREME_HEAT,33.12
2011-03-07,EXTREME_HEAT,33.9
2011-03-08,EXTREME_HEAT,33.12
2011-03-12,EXTREME_HEAT,33.15
2011-03-13,EXTREME_HEAT,33.4
2011-03-14,EXTREME_HEAT,33.02
2011-03-15,EXTREME_HEAT,33.56
2011-03-16,EXTREME_HEAT,33.54
2011-03-17,EXTREME_HEAT,33.92
2011-03-18,EXTREME_HEAT,33.6
2011-03-23,EXTREME_HEAT,33.16
2011-03-25,EXTREME_HEAT,33.2
2011-03-27,EXTREME_HEAT,33.06
2011-03-28,EXTREME_HEAT,33.2
2011-03-29,EXTREME_HEAT,33.49
2011-03-30,EXTREME_HEAT,33.66
2011-03-31,EXTREME_HEAT,33.08
2011-04-02,EXTREME_HEAT,33.76
2011-04-06,EXTREME_HEAT,33.23
2011-04-07,EXTREME_HEAT,33.72
2011-04-08,EXTREME_HEAT,33.34
2011-04-09,EXTREME_HEAT,33.4
2011-04-12,EXTREME_HEAT,33.2
2011-04-16,PROLONGED_RAIN,3.0
2011-04-21,PROLONGED_RAIN,3.0
2011-04-22,PROLONGED_RAIN,4.0
2011-04-23,PROLONGED_RAIN,5.0
2011-05-16,EXTREME_HEAT,33.31
2011-05-19,PROLONGED_RAIN,3.0
2011-05-27,PROLONGED_RAIN,3.0
2011-05-28,PROLONGED_RAIN,4.0
2011-05-29,PROLONGED_RAIN,5.0
2011-05-30,PROLONGED_RAIN,6.0
2011-05-31,PROLONGED_RAIN,7.0
2011-06-01,PROLONGED_RAIN,8.0
2011-06-02,HEAVY_RAIN,68.7
2011-06-02,PROLONGED_RAIN,9.0
2011-06-03,PROLONGED_RAIN,10.0
2011-06-04,PROLONGED_RAIN,11.0
2011-06-05,PROLONGED_RAIN,12.0
2011-06-06,PROLONGED_RAIN,13.0
2011-06-06,HEAVY_RAIN,66.23
2011-06-07,PROLONGED_RAIN,14.0
2011-06-08,PROLONGED_RAIN,15.0
2011-06-09,PROLONGED_RAIN,16.0
2011-06-15,PROLONGED_RAIN,3.0
2011-06-16,PROLONGED_RAIN,4.0
2011-06-17,PROLONGED_RAIN,5.0
2011-06-18,PROLONGED_RAIN,6.0
2011-06-19,PROLONGED_RAIN,7.0
2011-06-23,PROLONGED_RAIN,3.0
2011-06-24,PROLONGED_RAIN,4.0
2011-06-25,PROLONGED_RAIN,5.0
2011-06-26,PROLONGED_RAIN,6.0
2011-06-27,PROLONGED_RAIN,7.0
2011-06-28,PROLONGED_RAIN,8.0
2011-06-29,PROLONGED_RAIN,9.0
2011-06-30,PROLONGED_RAIN,10.0
2011-07-01,PROLONGED_RAIN,11.0
2011-07-02,PROLONGED_RAIN,12.0
2011-07-03,PROLONGED_RAIN,13.0
2011-07-04,PROLONGED_RAIN,14.0
2011-07-05,PROLONGED_RAIN,15.0
2011-07-06,PROLONGED_RAIN,16.0
2011-07-07,PROLONGED_RAIN,17.0
2011-07-08,PROLONGED_RAIN,18.0
2011-07-09,PROLONGED_RAIN,19.0
2011-07-10,PROLONGED_RAIN,20.0
2011-07-11,PROLONGED_RAIN,21.0
2011-07-12,EXTREME_HUMIDITY,92.84
2011-07-12,PROLONGED_RAIN,22.0
2011-07-13,HEAVY_RAIN,58.8
2011-07-13,PROLONGED_RAIN,23.0
2011-07-14,HEAVY_RAIN,53.99
2011-07-14,PROLONGED_RAIN,24.0
2011-07-15,EXTREME_HUMIDITY,92.63
2011-07-15,PROLONGED_RAIN,25.0
2011-07-15,HEAVY_RAIN,78.72
2011-07-16,HEAVY_RAIN,76.94
2011-07-16,EXTREME_HUMIDITY,93.9
2011-07-16,PROLONGED_RAIN,26.0
2011-07-17,PROLONGED_RAIN,27.0
2011-07-17,EXTREME_HUMIDITY,94.25
2011-07-17,HEAVY_RAIN,78.05
2011-07-18,PROLONGED_RAIN,28.0
2011-07-18,EXTREME_HUMIDITY,92.55
2011-07-19,PROLONGED_RAIN,29.0
2011-07-19,EXTREME_HUMIDITY,92.02
2011-07-20,PROLONGED_RAIN,30.0
2011-07-20,EXTREME_HUMIDITY,92.28
2011-07-21,PROLONGED_RAIN,31.0
2011-07-22,PROLONGED_RAIN,32.0
2011-07-22,EXTREME_HUMIDITY,91.64
2011-07-23,EXTREME_HUMIDITY,92.19
2011-07-23,PROLONGED_RAIN,33.0
2011-07-24,EXTREME_HUMIDITY,91.89
2011-07-24,PROLONGED_RAIN,34.0
2011-07-25,EXTREME_HUMIDITY,92.82
2011-07-25,HEAVY_RAIN,57.81
2011-07-25,PROLONGED_RAIN,35.0
2011-07-26,PROLONGED_RAIN,36.0
2011-07-26,EXTREME_HUMIDITY,94.28
2011-07-27,PROLONGED_RAIN,37.0
2011-07-27,EXTREME_HUMIDITY,92.88
2011-07-28,PROLONGED_RAIN,38.0
2011-07-28,EXTREME_HUMIDITY,92.63
2011-07-29,PROLONGED_RAIN,39.0
2011-07-30,EXTREME_HUMIDITY,92.39
2011-07-30,PROLONGED_RAIN,40.0
2011-07-31,PROLONGED_RAIN,41.0
2011-07-31,EXTREME_HUMIDITY,92.11
2011-08-01,EXTREME_HUMIDITY,91.89
2011-08-01,PROLONGED_RAIN,42.0
2011-08-02,EXTREME_HUMIDITY,92.62
2011-08-02,HEAVY_RAIN,83.43
2011-08-02,PROLONGED_RAIN,43.0
2011-08-03,PROLONGED_RAIN,44.0
2011-08-03,HEAVY_RAIN,60.67
2011-08-03,EXTREME_HUMIDITY,93.56
2011-08-04,PROLONGED_RAIN,45.0
2011-08-04,EXTREME_HUMIDITY,92.9
2011-08-05,EXTREME_HUMIDITY,92.57
2011-08-05,PROLONGED_RAIN,46.0
2011-08-06,PROLONGED_RAIN,47.0
2011-08-06,HEAVY_RAIN,54.62
2011-08-06,EXTREME_HUMIDITY,93.51
2011-08-07,PROLONGED_RAIN,48.0
2011-08-07,EXTREME_HUMIDITY,93.02
2011-08-08,EXTREME_HUMIDITY,92.48
2011-08-08,PROLONGED_RAIN,49.0
2011-08-09,PROLONGED_RAIN,50.0
2011-08-10,PROLONGED_RAIN,51.0
2011-08-10,EXTREME_HUMIDITY,91.67
2011-08-11,PROLONGED_RAIN,52.0
2011-08-11,EXTREME_HUMIDITY,91.7
2011-08-12,PROLONGED_RAIN,53.0
2011-08-12,EXTREME_HUMIDITY,91.99
2011-08-13,PROLONGED_RAIN,54.0
2011-08-14,PROLONGED_RAIN,55.0
2011-08-15,PROLONGED_RAIN,56.0
2011-08-15,EXTREME_HUMIDITY,91.96
2011-08-16,PROLONGED_RAIN,57.0
2011-08-16,EXTREME_HUMIDITY,92.7
2011-08-16,HEAVY_RAIN,52.29
2011-08-17,PROLONGED_RAIN,58.0
2011-08-18,EXTREME_HUMIDITY,92.49
2011-08-18,PROLONGED_RAIN,59.0
2011-08-18,HEAVY_RAIN,63.1
2011-08-19,PROLONGED_RAIN,60.0
2011-08-19,EXTREME_HUMIDITY,92.98
2011-08-19,HEAVY_RAIN,51.2
2011-08-20,PROLONGED_RAIN,61.0
2011-08-20,HEAVY_RAIN,51.92
2011-08-20,EXTREME_HUMIDITY,94.48
2011-08-21,PROLONGED_RAIN,62.0
2011-08-22,PROLONGED_RAIN,63.0
2011-08-23,PROLONGED_RAIN,64.0
2011-08-24,EXTREME_HUMIDITY,92.34
2011-08-24,PROLONGED_RAIN,65.0
2011-08-25,EXTREME_HUMIDITY,92.46
2011-08-25,PROLONGED_RAIN,66.0
2011-08-26,PROLONGED_RAIN,67.0
2011-08-26,EXTREME_HUMIDITY,91.61
2011-08-27,PROLONGED_RAIN,68.0
2011-08-27,EXTREME_HUMIDITY,91.81
2011-08-28,PROLONGED_RAIN,69.0
2011-08-29,PROLONGED_RAIN,70.0
2011-08-30,PROLONGED_RAIN,71.0
2011-08-31,PROLONGED_RAIN,72.0
2011-08-31,EXTREME_HUMIDITY,93.37
2011-08-31,HEAVY_RAIN,67.82
2011-09-01,EXTREME_HUMIDITY,94.81
2011-09-01,PROLONGED_RAIN,73.0
2011-09-02,PROLONGED_RAIN,74.0
2011-09-02,EXTREME_HUMIDITY,93.51
2011-09-02,HEAVY_RAIN,57.64
2011-09-03,PROLONGED_RAIN,75.0
2011-09-03,EXTREME_HUMIDITY,93.31
2011-09-04,PROLONGED_RAIN,76.0
2011-09-04,EXTREME_HUMIDITY,92.33
2011-09-05,PROLONGED_RAIN,77.0
2011-09-06,PROLONGED_RAIN,78.0
2011-09-07,PROLONGED_RAIN,79.0
2011-09-07,EXTREME_HUMIDITY,91.68
2011-09-08,EXTREME_HUMIDITY,92.02
2011-09-08,PROLONGED_RAIN,80.0
2011-09-09,EXTREME_HUMIDITY,91.95
2011-09-09,PROLONGED_RAIN,81.0
2011-09-10,PROLONGED_RAIN,82.0
2011-09-11,PROLONGED_RAIN,83.0
2011-09-12,PROLONGED_RAIN,84.0
2011-09-13,PROLONGED_RAIN,85.0
2011-09-14,PROLONGED_RAIN,86.0
2011-09-15,HEAVY_RAIN,51.12
2011-09-15,EXTREME_HUMIDITY,91.9
2011-09-15,PROLONGED_RAIN,87.0
2011-09-16,PROLONGED_RAIN,88.0
2011-09-17,PROLONGED_RAIN,89.0
2011-09-18,HEAVY_RAIN,51.32
2011-09-18,PROLONGED_RAIN,90.0
2011-09-19,PROLONGED_RAIN,91.0
2011-09-20,PROLONGED_RAIN,92.0
2011-09-21,PROLONGED_RAIN,93.0
2011-10-10,PROLONGED_RAIN,3.0
2011-10-11,PROLONGED_RAIN,4.0
2011-10-12,PROLONGED_RAIN,5.0
2011-10-13,PROLONGED_RAIN,6.0
2011-10-14,PROLONGED_RAIN,7.0
2011-10-15,PROLONGED_RAIN,8.0
2011-10-16,PROLONGED_RAIN,9.0
2011-10-17,PROLONGED_RAIN,10.0
2011-10-25,PROLONGED_RAIN,3.0
2011-10-26,PROLONGED_RAIN,4.0
2011-10-27,PROLONGED_RAIN,5.0
2011-10-31,PROLONGED_RAIN,3.0
2011-11-01,PROLONGED_RAIN,4.0
2011-11-02,PROLONGED_RAIN,5.0
2011-11-03,PROLONGED_RAIN,6.0
2012-02-19,EXTREME_HEAT,33.22
2012-02-20,EXTREME_HEAT,33.71
2012-02-21,EXTREME_HEAT,33.14
2012-02-22,EXTREME_HEAT,33.71
2012-02-23,EXTREME_HEAT,33.42
2012-02-24,EXTREME_HEAT,33.18
2012-02-25,EXTREME_HEAT,34.15
2012-02-26,EXTREME_HEAT,34.52
2012-02-27,EXTREME_HEAT,35.14
2012-03-01,EXTREME_HEAT,34.02
2012-03-04,EXTREME_HEAT,33.42
2012-03-05,EXTREME_HEAT,34.14
2012-03-12,EXTREME_HEAT,33.38
2012-03-13,EXTREME_HEAT,35.61
2012-03-14,EXTREME_HEAT,34.33
2012-03-15,EXTREME_HEAT,33.92
2012-03-17,EXTREME_HEAT,34.78
2012-03-18,EXTREME_HEAT,33.7
2012-03-20,EXTREME_HEAT,33.4
2012-03-22,EXTREME_HEAT,33.56
2012-03-23,EXTREME_HEAT,34.02
2012-03-24,EXTREME_HEAT,34.6
2012-03-25,EXTREME_HEAT,34.14
2012-03-26,EXTREME_HEAT,34.66
2012-03-27,EXTREME_HEAT,34.48
2012-03-28,EXTREME_HEAT,34.52
2012-03-29,EXTREME_HEAT,33.69
2012-03-31,EXTREME_HEAT,34.4
2012-04-01,EXTREME_HEAT,34.35
2012-04-02,EXTREME_HEAT,33.52
2012-04-03,EXTREME_HEAT,33.41
2012-04-04,EXTREME_HEAT,34.01
2012-04-05,EXTREME_HEAT,33.62
2012-04-07,EXTREME_HEAT,34.38
2012-04-08,EXTREME_HEAT,34.5
2012-04-10,EXTREME_HEAT,33.09
2012-04-12,PROLONGED_RAIN,3.0
2012-04-14,EXTREME_HEAT,33.34
2012-04-15,EXTREME_HEAT,33.84
2012-04-16,EXTREME_HEAT,33.02
2012-04-25,PROLONGED_RAIN,3.0
2012-04-26,PROLONGED_RAIN,4.0
2012-04-27,PROLONGED_RAIN,5.0
2012-04-28,PROLONGED_RAIN,6.0
2012-05-18,EXTREME_HEAT,33.46
2012-06-04,PROLONGED_RAIN,3.0
2012-06-05,PROLONGED_RAIN,4.0
2012-06-06,PROLONGED_RAIN,5.0
2012-06-07,PROLONGED_RAIN,6.0
2012-06-08,PROLONGED_RAIN,7.0
2012-06-09,PROLONGED_RAIN,8.0
2012-06-10,PROLONGED_RAIN,9.0
2012-06-11,PROLONGED_RAIN,10.0
2012-06-12,HEAVY_RAIN,66.85
2012-06-12,PROLONGED_RAIN,11.0
2012-06-13,PROLONGED_RAIN,12.0
2012-06-14,PROLONGED_RAIN,13.0
2012-06-15,PROLONGED_RAIN,14.0
2012-06-16,PROLONGED_RAIN,15.0
2012-06-17,PROLONGED_RAIN,16.0
2012-06-17,HEAVY_RAIN,95.43
2012-06-18,EXTREME_HUMIDITY,93.28
2012-06-18,HEAVY_RAIN,86.82
2012-06-18,PROLONGED_RAIN,17.0
2012-06-19,PROLONGED_RAIN,18.0
2012-06-19,EXTREME_HUMIDITY,92.09
2012-06-20,PROLONGED_RAIN,19.0
2012-06-21,PROLONGED_RAIN,20.0
2012-06-22,PROLONGED_RAIN,21.0
2012-06-23,PROLONGED_RAIN,22.0
2012-06-24,PROLONGED_RAIN,23.0
2012-06-25,PROLONGED_RAIN,24.0
2012-06-26,PROLONGED_RAIN,25.0
2012-06-27,PROLONGED_RAIN,26.0
2012-06-28,PROLONGED_RAIN,27.0
2012-06-29,HEAVY_RAIN,62.0
2012-06-29,PROLONGED_RAIN,28.0
2012-06-30,PROLONGED_RAIN,29.0
2012-07-01,HEAVY_RAIN,52.39
2012-07-01,PROLONGED_RAIN,30.0
2012-07-02,EXTREME_HUMIDITY,93.3
2012-07-02,PROLONGED_RAIN,31.0
2012-07-02,HEAVY_RAIN,60.17
2012-07-03,PROLONGED_RAIN,32.0
2012-07-04,PROLONGED_RAIN,33.0
2012-07-05,PROLONGED_RAIN,34.0
2012-07-06,PROLONGED_RAIN,35.0
2012-07-07,PROLONGED_RAIN,36.0
2012-07-08,PROLONGED_RAIN,37.0
2012-07-09,PROLONGED_RAIN,38.0
2012-07-09,EXTREME_HUMIDITY,91.75
2012-07-10,PROLONGED_RAIN,39.0
2012-07-11,PROLONGED_RAIN,40.0
2012-07-11,EXTREME_HUMIDITY,91.54
2012-07-12,PROLONGED_RAIN,41.0
2012-07-13,PROLONGED_RAIN,42.0
2012-07-14,PROLONGED_RAIN,43.0
2012-07-15,PROLONGED_RAIN,44.0
2012-07-16,PROLONGED_RAIN,45.0
2012-07-17,PROLONGED_RAIN,46.0
2012-07-18,PROLONGED_RAIN,47.0
2012-07-19,PROLONGED_RAIN,48.0
2012-07-20,PROLONGED_RAIN,49.0
2012-07-21,PROLONGED_RAIN,50.0
2012-07-22,PROLONGED_RAIN,51.0
2012-07-23,PROLONGED_RAIN,52.0
2012-07-24,PROLONGED_RAIN,53.0
2012-07-25,PROLONGED_RAIN,54.0
2012-07-26,EXTREME_HUMIDITY,91.63
2012-07-26,PROLONGED_RAIN,55.0
2012-07-27,EXTREME_HUMIDITY,91.8
2012-07-27,PROLONGED_RAIN,56.0
2012-07-28,PROLONGED_RAIN,57.0
2012-07-29,PROLONGED_RAIN,58.0
2012-07-30,PROLONGED_RAIN,59.0
2012-07-31,PROLONGED_RAIN,60.0
2012-08-01,PROLONGED_RAIN,61.0
2012-08-02,PROLONGED_RAIN,62.0
2012-08-03,PROLONGED_RAIN,63.0
2012-08-04,PROLONGED_RAIN,64.0
2012-08-05,PROLONGED_RAIN,65.0
2012-08-06,PROLONGED_RAIN,66.0
2012-08-07,PROLONGED_RAIN,67.0
2012-08-08,HEAVY_RAIN,49.61
2012-08-08,PROLONGED_RAIN,68.0
2012-08-09,PROLONGED_RAIN,69.0
2012-08-09,EXTREME_HUMIDITY,91.68
2012-08-09,HEAVY_RAIN,71.82
2012-08-10,EXTREME_HUMIDITY,93.07
2012-08-10,PROLONGED_RAIN,70.0
2012-08-10,HEAVY_RAIN,92.21
2012-08-11,HEAVY_RAIN,77.86
2012-08-11,PROLONGED_RAIN,71.0
2012-08-11,EXTREME_HUMIDITY,92.77
2012-08-12,PROLONGED_RAIN,72.0
2012-08-13,PROLONGED_RAIN,73.0
2012-08-14,PROLONGED_RAIN,74.0
2012-08-15,PROLONGED_RAIN,75.0
2012-08-16,PROLONGED_RAIN,76.0
2012-08-17,PROLONGED_RAIN,77.0
2012-08-18,PROLONGED_RAIN,78.0
2012-08-19,PROLONGED_RAIN,79.0
2012-08-20,PROLONGED_RAIN,80.0
2012-08-21,PROLONGED_RAIN,81.0
2012-08-22,PROLONGED_RAIN,82.0
2012-08-23,PROLONGED_RAIN,83.0
2012-08-24,PROLONGED_RAIN,84.0
2012-08-25,HEAVY_RAIN,91.51
2012-08-25,EXTREME_HUMIDITY,92.12
2012-08-25,PROLONGED_RAIN,85.0
2012-08-26,PROLONGED_RAIN,86.0
2012-08-26,HEAVY_RAIN,71.45
2012-08-27,PROLONGED_RAIN,87.0
2012-08-28,HEAVY_RAIN,55.14
2012-08-28,PROLONGED_RAIN,88.0
2012-08-29,PROLONGED_RAIN,89.0
2012-08-29,EXTREME_HUMIDITY,93.57
2012-08-30,PROLONGED_RAIN,90.0
2012-08-30,HEAVY_RAIN,60.75
2012-08-30,EXTREME_HUMIDITY,92.52
2012-08-31,PROLONGED_RAIN,91.0
2012-08-31,EXTREME_HUMIDITY,92.26
2012-09-01,PROLONGED_RAIN,92.0
2012-09-01,EXTREME_HUMIDITY,91.84
2012-09-02,PROLONGED_RAIN,93.0
2012-09-03,PROLONGED_RAIN,94.0
2012-09-03,HEAVY_RAIN,60.35
2012-09-03,EXTREME_HUMIDITY,93.5
2012-09-04,EXTREME_HUMIDITY,92.96
2012-09-04,PROLONGED_RAIN,95.0
2012-09-05,PROLONGED_RAIN,96.0
2012-09-05,EXTREME_HUMIDITY,91.99
2012-09-06,PROLONGED_RAIN,97.0
2012-09-07,PROLONGED_RAIN,98.0
2012-09-07,EXTREME_HUMIDITY,91.68
2012-09-08,PROLONGED_RAIN,99.0
2012-09-08,EXTREME_HUMIDITY,91.95
2012-09-09,PROLONGED_RAIN,100.0
2012-09-09,EXTREME_HUMIDITY,92.19
2012-09-10,PROLONGED_RAIN,101.0
2012-09-10,EXTREME_HUMIDITY,93.76
2012-09-11,PROLONGED_RAIN,102.0
2012-09-11,EXTREME_HUMIDITY,91.53
2012-09-12,PROLONGED_RAIN,103.0
2012-09-12,EXTREME_HUMIDITY,92.27
2012-09-13,PROLONGED_RAIN,104.0
2012-09-14,PROLONGED_RAIN,105.0
2012-09-15,PROLONGED_RAIN,106.0
2012-09-16,PROLONGED_RAIN,107.0
2012-09-17,PROLONGED_RAIN,108.0
2012-09-18,PROLONGED_RAIN,109.0
2012-09-19,PROLONGED_RAIN,110.0
2012-09-30,PROLONGED_RAIN,3.0
2012-10-01,PROLONGED_RAIN,4.0
2012-10-02,EXTREME_HUMIDITY,92.46
2012-10-02,PROLONGED_RAIN,5.0
2012-10-03,PROLONGED_RAIN,6.0
2012-10-04,PROLONGED_RAIN,7.0
2012-10-05,PROLONGED_RAIN,8.0
2012-10-21,PROLONGED_RAIN,3.0
2012-10-22,PROLONGED_RAIN,4.0
2012-11-01,EXTREME_HUMIDITY,93.31
2012-11-02,PROLONGED_RAIN,3.0
2012-11-03,PROLONGED_RAIN,4.0
2012-11-04,PROLONGED_RAIN,5.0
2012-11-05,PROLONGED_RAIN,6.0
2012-11-06,PROLONGED_RAIN,7.0
2013-02-13,EXTREME_HEAT,33.05
2013-02-16,PROLONGED_RAIN,3.0
2013-02-17,PROLONGED_RAIN,4.0
2013-03-01,EXTREME_HEAT,33.02
2013-03-02,EXTREME_HEAT,34.42
2013-03-03,EXTREME_HEAT,33.92
2013-03-04,EXTREME_HEAT,34.53
2013-03-05,EXTREME_HEAT,35.28
2013-03-06,EXTREME_HEAT,34.22
2013-03-13,EXTREME_HEAT,33.01
2013-03-15,EXTREME_HEAT,33.34
2013-03-17,EXTREME_HEAT,33.32
2013-03-19,EXTREME_HEAT,33.57
2013-03-20,EXTREME_HEAT,33.6
2013-03-21,EXTREME_HEAT,33.69
2013-03-22,EXTREME_HEAT,33.08
2013-03-24,EXTREME_HEAT,34.45
2013-03-25,EXTREME_HEAT,33.17
2013-03-27,EXTREME_HEAT,34.08
2013-03-28,EXTREME_HEAT,33.4
2013-03-29,EXTREME_HEAT,33.88
2013-03-30,EXTREME_HEAT,33.85
2013-03-31,EXTREME_HEAT,33.65
2013-04-01,EXTREME_HEAT,33.05
2013-04-02,EXTREME_HEAT,33.13
2013-04-03,EXTREME_HEAT,34.16
2013-04-04,EXTREME_HEAT,33.32
2013-04-05,EXTREME_HEAT,33.89
2013-04-06,EXTREME_HEAT,33.15
2013-04-07,EXTREME_HEAT,34.49
2013-04-08,EXTREME_HEAT,36.38
2013-04-09,EXTREME_HEAT,33.2
2013-04-10,EXTREME_HEAT,33.12
2013-04-11,EXTREME_HEAT,34.7
2013-04-12,EXTREME_HEAT,35.26
2013-04-13,EXTREME_HEAT,34.74
2013-04-14,EXTREME_HEAT,34.18
2013-04-16,EXTREME_HEAT,33.38
2013-04-17,EXTREME_HEAT,32.97
2013-04-21,EXTREME_HEAT,33.34
2013-04-22,EXTREME_HEAT,33.98
2013-04-23,EXTREME_HEAT,34.01
2013-04-24,EXTREME_HEAT,33.25
2013-04-30,EXTREME_HEAT,35.7
2013-05-04,EXTREME_HEAT,33.58
2013-05-05,EXTREME_HEAT,33.15
2013-05-20,PROLONGED_RAIN,3.0
2013-05-21,PROLONGED_RAIN,4.0
2013-05-27,PROLONGED_RAIN,3.0
2013-05-28,PROLONGED_RAIN,4.0
2013-05-29,PROLONGED_RAIN,5.0
2013-05-30,PROLONGED_RAIN,6.0
2013-05-31,PROLONGED_RAIN,7.0
2013-06-01,PROLONGED_RAIN,8.0
2013-06-02,PROLONGED_RAIN,9.0
2013-06-03,PROLONGED_RAIN,10.0
2013-06-04,PROLONGED_RAIN,11.0
2013-06-05,PROLONGED_RAIN,12.0
2013-06-06,PROLONGED_RAIN,13.0
2013-06-07,PROLONGED_RAIN,14.0
2013-06-08,HEAVY_RAIN,80.79
2013-06-08,PROLONGED_RAIN,15.0
2013-06-09,PROLONGED_RAIN,16.0
2013-06-10,PROLONGED_RAIN,17.0
2013-06-10,HEAVY_RAIN,70.38
2013-06-11,PROLONGED_RAIN,18.0
2013-06-12,PROLONGED_RAIN,19.0
2013-06-13,PROLONGED_RAIN,20.0
2013-06-14,PROLONGED_RAIN,21.0
2013-06-15,PROLONGED_RAIN,22.0
2013-06-16,PROLONGED_RAIN,23.0
2013-06-17,PROLONGED_RAIN,24.0
2013-06-17,HEAVY_RAIN,109.36
2013-06-17,EXTREME_HUMIDITY,92.17
2013-06-18,EXTREME_HUMIDITY,91.57
2013-06-18,HEAVY_RAIN,55.49
2013-06-18,PROLONGED_RAIN,25.0
2013-06-19,EXTREME_HUMIDITY,91.94
2013-06-19,HEAVY_RAIN,60.53
2013-06-19,PROLONGED_RAIN,26.0
2013-06-20,EXTREME_HUMIDITY,91.57
2013-06-20,PROLONGED_RAIN,27.0
2013-06-21,PROLONGED_RAIN,28.0
2013-06-21,EXTREME_HUMIDITY,92.32
2013-06-22,HEAVY_RAIN,50.2
2013-06-22,PROLONGED_RAIN,29.0
2013-06-22,EXTREME_HUMIDITY,91.71
2013-06-23,PROLONGED_RAIN,30.0
2013-06-23,EXTREME_HUMIDITY,92.03
2013-06-24,EXTREME_HUMIDITY,91.76
2013-06-24,HEAVY_RAIN,50.97
2013-06-24,PROLONGED_RAIN,31.0
2013-06-25,EXTREME_HUMIDITY,92.42
2013-06-25,PROLONGED_RAIN,32.0
2013-06-26,PROLONGED_RAIN,33.0
2013-06-27,PROLONGED_RAIN,34.0
2013-06-27,EXTREME_HUMIDITY,92.08
2013-06-28,EXTREME_HUMIDITY,91.65
2013-06-28,PROLONGED_RAIN,35.0
2013-06-29,PROLONGED_RAIN,36.0
2013-06-30,PROLONGED_RAIN,37.0
2013-07-01,PROLONGED_RAIN,38.0
2013-07-01,HEAVY_RAIN,59.16
2013-07-02,EXTREME_HUMIDITY,93.13
2013-07-02,PROLONGED_RAIN,39.0
2013-07-02,HEAVY_RAIN,88.61
2013-07-03,HEAVY_RAIN,65.2
2013-07-03,PROLONGED_RAIN,40.0
2013-07-03,EXTREME_HUMIDITY,93.42
2013-07-04,EXTREME_HUMIDITY,91.99
2013-07-04,HEAVY_RAIN,51.38
2013-07-04,PROLONGED_RAIN,41.0
2013-07-05,PROLONGED_RAIN,42.0
2013-07-06,PROLONGED_RAIN,43.0
2013-07-07,PROLONGED_RAIN,44.0
2013-07-07,HEAVY_RAIN,50.2
2013-07-07,EXTREME_HUMIDITY,92.44
2013-07-08,PROLONGED_RAIN,45.0
2013-07-08,EXTREME_HUMIDITY,91.96
2013-07-09,EXTREME_HUMIDITY,92.44
2013-07-09,PROLONGED_RAIN,46.0
2013-07-10,EXTREME_HUMIDITY,91.94
2013-07-10,PROLONGED_RAIN,47.0
2013-07-11,PROLONGED_RAIN,48.0
2013-07-12,EXTREME_HUMIDITY,92.52
2013-07-12,PROLONGED_RAIN,49.0
2013-07-13,EXTREME_HUMIDITY,92.23
2013-07-13,PROLONGED_RAIN,50.0
2013-07-14,EXTREME_HUMIDITY,92.43
2013-07-14,PROLONGED_RAIN,51.0
2013-07-15,PROLONGED_RAIN,52.0
2013-07-15,EXTREME_HUMIDITY,92.2
2013-07-16,EXTREME_HUMIDITY,92.08
2013-07-16,PROLONGED_RAIN,53.0
2013-07-17,EXTREME_HUMIDITY,92.7
2013-07-17,PROLONGED_RAIN,54.0
2013-07-18,PROLONGED_RAIN,55.0
2013-07-18,EXTREME_HUMIDITY,92.26
2013-07-19,EXTREME_HUMIDITY,94.3
2013-07-19,HEAVY_RAIN,55.83
2013-07-19,PROLONGED_RAIN,56.0
2013-07-20,EXTREME_HUMIDITY,92.56
2013-07-20,HEAVY_RAIN,51.39
2013-07-20,PROLONGED_RAIN,57.0
2013-07-21,PROLONGED_RAIN,58.0
2013-07-21,EXTREME_HUMIDITY,93.59
2013-07-21,HEAVY_RAIN,50.8
2013-07-22,EXTREME_HUMIDITY,93.38
2013-07-22,PROLONGED_RAIN,59.0
2013-07-23,EXTREME_HUMIDITY,93.27
2013-07-23,PROLONGED_RAIN,60.0
2013-07-24,HEAVY_RAIN,62.37
2013-07-24,PROLONGED_RAIN,61.0
2013-07-24,EXTREME_HUMIDITY,92.44
2013-07-25,HEAVY_RAIN,55.16
2013-07-25,PROLONGED_RAIN,62.0
2013-07-25,EXTREME_HUMIDITY,93.32
2013-07-26,EXTREME_HUMIDITY,92.02
2013-07-26,HEAVY_RAIN,57.38
2013-07-26,PROLONGED_RAIN,63.0
2013-07-27,HEAVY_RAIN,71.58
2013-07-27,PROLONGED_RAIN,64.0
2013-07-27,EXTREME_HUMIDITY,92.7
2013-07-28,HEAVY_RAIN,57.2
2013-07-28,PROLONGED_RAIN,65.0
2013-07-28,EXTREME_HUMIDITY,92.08
2013-07-29,PROLONGED_RAIN,66.0
2013-07-30,PROLONGED_RAIN,67.0
2013-07-30,EXTREME_HUMIDITY,92.47
2013-07-31,PROLONGED_RAIN,68.0
2013-07-31,EXTREME_HUMIDITY,93.12
2013-08-01,EXTREME_HUMIDITY,92.37
2013-08-01,PROLONGED_RAIN,69.0
2013-08-02,EXTREME_HUMIDITY,92.42
2013-08-02,PROLONGED_RAIN,70.0
2013-08-03,EXTREME_HUMIDITY,93.21
2013-08-03,PROLONGED_RAIN,71.0
2013-08-04,EXTREME_HUMIDITY,92.79
2013-08-04,PROLONGED_RAIN,72.0
2013-08-05,HEAVY_RAIN,75.21
2013-08-05,EXTREME_HUMIDITY,94.23
2013-08-05,PROLONGED_RAIN,73.0
2013-08-06,PROLONGED_RAIN,74.0
2013-08-06,EXTREME_HUMIDITY,93.06
2013-08-07,PROLONGED_RAIN,75.0
2013-08-08,PROLONGED_RAIN,76.0
2013-08-09,PROLONGED_RAIN,77.0
2013-08-10,PROLONGED_RAIN,78.0
2013-08-11,PROLONGED_RAIN,79.0
2013-08-12,PROLONGED_RAIN,80.0
2013-08-13,PROLONGED_RAIN,81.0
2013-08-13,EXTREME_HUMIDITY,91.77
2013-08-14,PROLONGED_RAIN,82.0
2013-08-15,PROLONGED_RAIN,83.0
2013-08-15,EXTREME_HUMIDITY,92.21
2013-08-16,PROLONGED_RAIN,84.0
2013-08-16,HEAVY_RAIN,55.51
2013-08-16,EXTREME_HUMIDITY,92.97
2013-08-17,PROLONGED_RAIN,85.0
2013-08-17,EXTREME_HUMIDITY,91.52
2013-08-18,EXTREME_HUMIDITY,91.9
2013-08-18,PROLONGED_RAIN,86.0
2013-08-19,PROLONGED_RAIN,87.0
2013-08-19,EXTREME_HUMIDITY,91.61
2013-08-20,PROLONGED_RAIN,88.0
2013-08-21,PROLONGED_RAIN,89.0
2013-08-22,PROLONGED_RAIN,90.0
2013-08-23,PROLONGED_RAIN,91.0
2013-08-24,PROLONGED_RAIN,92.0
2013-08-25,PROLONGED_RAIN,93.0
2013-08-26,PROLONGED_RAIN,94.0
2013-08-27,PROLONGED_RAIN,95.0
2013-08-28,PROLONGED_RAIN,96.0
2013-09-02,PROLONGED_RAIN,3.0
2013-09-03,PROLONGED_RAIN,4.0
2013-09-04,PROLONGED_RAIN,5.0
2013-09-05,PROLONGED_RAIN,6.0
2013-09-06,PROLONGED_RAIN,7.0
2013-09-07,PROLONGED_RAIN,8.0
2013-09-08,PROLONGED_RAIN,9.0
2013-09-09,PROLONGED_RAIN,10.0
2013-09-10,PROLONGED_RAIN,11.0
2013-09-11,PROLONGED_RAIN,12.0
2013-09-12,EXTREME_HUMIDITY,92.02
2013-09-12,PROLONGED_RAIN,13.0
2013-09-13,PROLONGED_RAIN,14.0
2013-09-13,EXTREME_HUMIDITY,92.75
2013-09-14,PROLONGED_RAIN,15.0
2013-09-14,EXTREME_HUMIDITY,94.5
2013-09-15,PROLONGED_RAIN,16.0
2013-09-16,PROLONGED_RAIN,17.0
2013-09-17,EXTREME_HUMIDITY,93.35
2013-09-17,PROLONGED_RAIN,18.0
2013-09-18,PROLONGED_RAIN,19.0
2013-09-19,PROLONGED_RAIN,20.0
2013-09-20,EXTREME_HUMIDITY,93.07
2013-09-20,PROLONGED_RAIN,21.0
2013-09-21,EXTREME_HUMIDITY,91.57
2013-09-21,PROLONGED_RAIN,22.0
2013-09-22,PROLONGED_RAIN,23.0
2013-09-23,PROLONGED_RAIN,24.0
2013-09-24,PROLONGED_RAIN,25.0
2013-09-25,PROLONGED_RAIN,26.0
2013-10-01,PROLONGED_RAIN,3.0
2013-10-02,PROLONGED_RAIN,4.0
2013-10-06,PROLONGED_RAIN,3.0
2013-10-18,PROLONGED_RAIN,3.0
2013-10-19,PROLONGED_RAIN,4.0
2013-10-20,PROLONGED_RAIN,5.0
2013-10-21,PROLONGED_RAIN,6.0
2013-10-22,PROLONGED_RAIN,7.0
2013-10-23,PROLONGED_RAIN,8.0
2013-10-24,PROLONGED_RAIN,9.0
2013-10-25,PROLONGED_RAIN,10.0
2013-10-26,PROLONGED_RAIN,11.0
2013-10-27,PROLONGED_RAIN,12.0
2013-10-28,PROLONGED_RAIN,13.0
2014-03-07,EXTREME_HEAT,33.21
2014-03-08,EXTREME_HEAT,33.25
2014-03-13,EXTREME_HEAT,33.68
2014-03-14,EXTREME_HEAT,34.98
2014-03-15,EXTREME_HEAT,34.7
2014-03-16,EXTREME_HEAT,36.07
2014-03-17,EXTREME_HEAT,35.19
2014-03-18,EXTREME_HEAT,35.25
2014-03-19,EXTREME_HEAT,34.83
2014-03-20,EXTREME_HEAT,34.26
2014-03-21,EXTREME_HEAT,33.52
2014-03-22,EXTREME_HEAT,34.15
2014-03-23,EXTREME_HEAT,33.67
2014-03-24,EXTREME_HEAT,33.85
2014-03-25,EXTREME_HEAT,34.97
2014-03-26,EXTREME_HEAT,36.37
2014-03-27,EXTREME_HEAT,34.26
2014-03-28,EXTREME_HEAT,35.59
2014-03-29,EXTREME_HEAT,36.39
2014-03-30,EXTREME_HEAT,34.21
2014-04-01,EXTREME_HEAT,33.88
2014-04-02,EXTREME_HEAT,33.93
2014-04-03,EXTREME_HEAT,35.57
2014-04-04,EXTREME_HEAT,34.53
2014-04-05,EXTREME_HEAT,35.45
2014-04-06,EXTREME_HEAT,34.79
2014-04-10,EXTREME_HEAT,34.68
2014-04-11,EXTREME_HEAT,33.45
2014-04-12,EXTREME_HEAT,34.97
2014-04-13,EXTREME_HEAT,34.9
2014-04-14,EXTREME_HEAT,33.99
2014-04-15,PROLONGED_RAIN,3.0
2014-04-16,PROLONGED_RAIN,4.0
2014-04-17,PROLONGED_RAIN,5.0
2014-04-24,EXTREME_HEAT,33.58
2014-05-02,EXTREME_HEAT,33.18
2014-05-02,PROLONGED_RAIN,3.0
2014-05-03,EXTREME_HEAT,33.48
2014-05-03,PROLONGED_RAIN,4.0
2014-05-04,EXTREME_HEAT,33.69
2014-05-07,PROLONGED_RAIN,3.0
2014-05-08,PROLONGED_RAIN,4.0
2014-05-08,HEAVY_RAIN,53.81
2014-05-21,PROLONGED_RAIN,3.0
2014-05-22,PROLONGED_RAIN,4.0
2014-05-29,PROLONGED_RAIN,3.0
2014-05-30,PROLONGED_RAIN,4.0
2014-05-31,PROLONGED_RAIN,5.0
2014-06-06,PROLONGED_RAIN,3.0
2014-06-07,PROLONGED_RAIN,4.0
2014-06-08,PROLONGED_RAIN,5.0
2014-06-09,PROLONGED_RAIN,6.0
2014-06-10,PROLONGED_RAIN,7.0
2014-06-11,HEAVY_RAIN,59.65
2014-06-11,PROLONGED_RAIN,8.0
2014-06-12,PROLONGED_RAIN,9.0
2014-06-12,HEAVY_RAIN,50.71
2014-06-13,PROLONGED_RAIN,10.0
2014-06-14,PROLONGED_RAIN,11.0
2014-06-15,PROLONGED_RAIN,12.0
2014-06-16,HEAVY_RAIN,77.43
2014-06-16,PROLONGED_RAIN,13.0
2014-06-17,PROLONGED_RAIN,14.0
2014-06-18,PROLONGED_RAIN,15.0
2014-06-19,PROLONGED_RAIN,16.0
2014-06-20,PROLONGED_RAIN,17.0
2014-06-21,PROLONGED_RAIN,18.0
2014-06-22,PROLONGED_RAIN,19.0
2014-06-23,PROLONGED_RAIN,20.0
2014-06-24,PROLONGED_RAIN,21.0
2014-06-25,PROLONGED_RAIN,22.0
2014-06-30,PROLONGED_RAIN,3.0
2014-07-01,PROLONGED_RAIN,4.0
2014-07-02,PROLONGED_RAIN,5.0
2014-07-03,PROLONGED_RAIN,6.0
2014-07-04,PROLONGED_RAIN,7.0
2014-07-05,PROLONGED_RAIN,8.0
2014-07-06,PROLONGED_RAIN,9.0
2014-07-07,PROLONGED_RAIN,10.0
2014-07-08,PROLONGED_RAIN,11.0
2014-07-09,PROLONGED_RAIN,12.0
2014-07-09,HEAVY_RAIN,53.69
2014-07-10,PROLONGED_RAIN,13.0
2014-07-10,HEAVY_RAIN,54.34
2014-07-10,EXTREME_HUMIDITY,92.08
2014-07-11,PROLONGED_RAIN,14.0
2014-07-12,PROLONGED_RAIN,15.0
2014-07-12,EXTREME_HUMIDITY,92.52
2014-07-12,HEAVY_RAIN,117.97
2014-07-13,HEAVY_RAIN,94.65
2014-07-13,PROLONGED_RAIN,16.0
2014-07-13,EXTREME_HUMIDITY,93.42
2014-07-14,PROLONGED_RAIN,17.0
2014-07-14,EXTREME_HUMIDITY,92.82
2014-07-14,HEAVY_RAIN,66.88
2014-07-15,EXTREME_HUMIDITY,92.73
2014-07-15,PROLONGED_RAIN,18.0
2014-07-16,PROLONGED_RAIN,19.0
2014-07-17,PROLONGED_RAIN,20.0
2014-07-18,HEAVY_RAIN,74.22
2014-07-18,PROLONGED_RAIN,21.0
2014-07-19,PROLONGED_RAIN,22.0
2014-07-19,HEAVY_RAIN,63.06
2014-07-20,PROLONGED_RAIN,23.0
2014-07-20,EXTREME_HUMIDITY,92.03
2014-07-21,EXTREME_HUMIDITY,92.64
2014-07-21,PROLONGED_RAIN,24.0
2014-07-22,PROLONGED_RAIN,25.0
2014-07-22,EXTREME_HUMIDITY,92.98
2014-07-23,EXTREME_HUMIDITY,92.69
2014-07-23,PROLONGED_RAIN,26.0
2014-07-24,EXTREME_HUMIDITY,92.91
2014-07-24,PROLONGED_RAIN,27.0
2014-07-25,PROLONGED_RAIN,28.0
2014-07-26,PROLONGED_RAIN,29.0
2014-07-27,PROLONGED_RAIN,30.0
2014-07-27,EXTREME_HUMIDITY,91.69
2014-07-28,PROLONGED_RAIN,31.0
2014-07-28,EXTREME_HUMIDITY,92.53
2014-07-29,PROLONGED_RAIN,32.0
2014-07-30,PROLONGED_RAIN,33.0
2014-07-30,HEAVY_RAIN,53.44
2014-07-30,EXTREME_HUMIDITY,93.32
2014-07-31,HEAVY_RAIN,114.94
2014-07-31,PROLONGED_RAIN,34.0
2014-07-31,EXTREME_HUMIDITY,94.26
2014-08-01,HEAVY_RAIN,76.29
2014-08-01,EXTREME_HUMIDITY,93.41
2014-08-01,PROLONGED_RAIN,35.0
2014-08-02,EXTREME_HUMIDITY,93.37
2014-08-02,PROLONGED_RAIN,36.0
2014-08-03,EXTREME_HUMIDITY,93.38
2014-08-03,PROLONGED_RAIN,37.0
2014-08-04,EXTREME_HUMIDITY,93.36
2014-08-04,HEAVY_RAIN,50.41
2014-08-04,PROLONGED_RAIN,38.0
2014-08-05,HEAVY_RAIN,52.11
2014-08-05,EXTREME_HUMIDITY,93.03
2014-08-05,PROLONGED_RAIN,39.0
2014-08-06,PROLONGED_RAIN,40.0
2014-08-06,EXTREME_HUMIDITY,92.7
2014-08-06,HEAVY_RAIN,79.63
2014-08-07,EXTREME_HUMIDITY,93.28
2014-08-07,HEAVY_RAIN,62.52
2014-08-07,PROLONGED_RAIN,41.0
2014-08-08,EXTREME_HUMIDITY,92.58
2014-08-08,PROLONGED_RAIN,42.0
2014-08-09,EXTREME_HUMIDITY,92.1
2014-08-09,PROLONGED_RAIN,43.0
2014-08-10,PROLONGED_RAIN,44.0
2014-08-10,EXTREME_HUMIDITY,91.6
2014-08-11,PROLONGED_RAIN,45.0
2014-08-11,EXTREME_HUMIDITY,92.98
2014-08-12,EXTREME_HUMIDITY,91.52
2014-08-12,PROLONGED_RAIN,46.0
2014-08-13,PROLONGED_RAIN,47.0
2014-08-14,PROLONGED_RAIN,48.0
2014-08-14,EXTREME_HUMIDITY,92.56
2014-08-15,EXTREME_HUMIDITY,91.97
2014-08-15,PROLONGED_RAIN,49.0
2014-08-16,PROLONGED_RAIN,50.0
2014-08-16,EXTREME_HUMIDITY,91.58
2014-08-17,PROLONGED_RAIN,51.0
2014-08-18,EXTREME_HUMIDITY,91.72
2014-08-18,PROLONGED_RAIN,52.0
2014-08-19,PROLONGED_RAIN,53.0
2014-08-20,PROLONGED_RAIN,54.0
2014-08-21,PROLONGED_RAIN,55.0
2014-08-21,EXTREME_HUMIDITY,93.45
2014-08-22,EXTREME_HUMIDITY,94.31
2014-08-22,PROLONGED_RAIN,56.0
2014-08-23,EXTREME_HUMIDITY,91.75
2014-08-23,PROLONGED_RAIN,57.0
2014-08-24,PROLONGED_RAIN,58.0
2014-08-24,EXTREME_HUMIDITY,92.68
2014-08-25,HEAVY_RAIN,55.81
2014-08-25,PROLONGED_RAIN,59.0
2014-08-25,EXTREME_HUMIDITY,91.96
2014-08-26,EXTREME_HUMIDITY,91.82
2014-08-26,PROLONGED_RAIN,60.0
2014-08-27,PROLONGED_RAIN,61.0
2014-08-27,EXTREME_HUMIDITY,93.57
2014-08-28,HEAVY_RAIN,69.04
2014-08-28,PROLONGED_RAIN,62.0
2014-08-28,EXTREME_HUMIDITY,92.42
2014-08-29,PROLONGED_RAIN,63.0
2014-08-30,HEAVY_RAIN,68.63
2014-08-30,PROLONGED_RAIN,64.0
2014-08-31,PROLONGED_RAIN,65.0
2014-09-01,PROLONGED_RAIN,66.0
2014-09-01,EXTREME_HUMIDITY,91.77
2014-09-02,EXTREME_HUMIDITY,92.73
2014-09-02,PROLONGED_RAIN,67.0
2014-09-03,PROLONGED_RAIN,68.0
2014-09-04,PROLONGED_RAIN,69.0
2014-09-05,EXTREME_HUMIDITY,92.7
2014-09-05,PROLONGED_RAIN,70.0
2014-09-06,EXTREME_HUMIDITY,92.28
2014-09-06,PROLONGED_RAIN,71.0
2014-09-07,EXTREME_HUMIDITY,91.64
2014-09-07,PROLONGED_RAIN,72.0
2014-09-08,PROLONGED_RAIN,73.0
2014-09-09,PROLONGED_RAIN,74.0
2014-09-10,PROLONGED_RAIN,75.0
2014-09-11,PROLONGED_RAIN,76.0
2014-09-12,PROLONGED_RAIN,77.0
2014-09-13,PROLONGED_RAIN,78.0
2014-09-14,PROLONGED_RAIN,79.0
2014-09-15,PROLONGED_RAIN,80.0
2014-09-16,PROLONGED_RAIN,81.0
2014-09-17,PROLONGED_RAIN,82.0
2014-09-18,PROLONGED_RAIN,83.0
2014-09-19,PROLONGED_RAIN,84.0
2014-09-20,PROLONGED_RAIN,85.0
2014-09-24,EXTREME_HUMIDITY,91.71
2014-09-25,PROLONGED_RAIN,3.0
2014-09-26,PROLONGED_RAIN,4.0
2014-09-26,EXTREME_HUMIDITY,92.24
2014-09-30,PROLONGED_RAIN,3.0
2014-10-01,PROLONGED_RAIN,4.0
2014-10-07,PROLONGED_RAIN,3.0
2014-10-11,EXTREME_HUMIDITY,92.76
2014-10-19,PROLONGED_RAIN,3.0
2014-10-20,PROLONGED_RAIN,4.0
2014-10-25,HEAVY_RAIN,51.41
2014-10-25,PROLONGED_RAIN,3.0
2014-10-26,PROLONGED_RAIN,4.0
2014-10-27,PROLONGED_RAIN,5.0
2014-11-15,PROLONGED_RAIN,3.0
2014-12-12,PROLONGED_RAIN,3.0
2014-12-13,PROLONGED_RAIN,4.0
2015-03-11,EXTREME_HEAT,33.44
2015-03-12,EXTREME_HEAT,33.73
2015-03-20,EXTREME_HEAT,33.72
2015-03-21,EXTREME_HEAT,34.62
2015-03-22,EXTREME_HEAT,33.43
2015-03-23,EXTREME_HEAT,33.67
2015-03-24,EXTREME_HEAT,34.53
2015-03-25,EXTREME_HEAT,33.2
2015-03-31,PROLONGED_RAIN,3.0
2015-04-01,PROLONGED_RAIN,4.0
2015-04-02,PROLONGED_RAIN,5.0
2015-04-04,EXTREME_HEAT,33.28
2015-04-05,EXTREME_HEAT,35.03
2015-04-06,EXTREME_HEAT,33.48
2015-04-12,PROLONGED_RAIN,3.0
2015-04-13,PROLONGED_RAIN,4.0
2015-04-16,EXTREME_HEAT,34.34
2015-04-17,EXTREME_HEAT,33.0
2015-04-18,EXTREME_HEAT,33.3
2015-04-19,EXTREME_HEAT,33.56
2015-04-23,PROLONGED_RAIN,3.0
2015-04-24,PROLONGED_RAIN,4.0
2015-04-25,PROLONGED_RAIN,5.0
2015-04-26,PROLONGED_RAIN,6.0
2015-04-28,EXTREME_HEAT,33.24
2015-04-29,EXTREME_HEAT,33.14
2015-05-04,PROLONGED_RAIN,3.0
2015-05-05,PROLONGED_RAIN,4.0
2015-05-06,PROLONGED_RAIN,5.0
2015-05-07,PROLONGED_RAIN,6.0
2015-05-08,PROLONGED_RAIN,7.0
2015-05-12,PROLONGED_RAIN,3.0
2015-05-13,PROLONGED_RAIN,4.0
2015-05-14,PROLONGED_RAIN,5.0
2015-05-15,PROLONGED_RAIN,6.0
2015-05-16,PROLONGED_RAIN,7.0
2015-05-17,PROLONGED_RAIN,8.0
2015-05-18,PROLONGED_RAIN,9.0
2015-05-29,PROLONGED_RAIN,3.0
2015-05-30,PROLONGED_RAIN,4.0
2015-05-31,PROLONGED_RAIN,5.0
2015-06-01,PROLONGED_RAIN,6.0
2015-06-02,PROLONGED_RAIN,7.0
2015-06-03,PROLONGED_RAIN,8.0
2015-06-04,PROLONGED_RAIN,9.0
2015-06-05,PROLONGED_RAIN,10.0
2015-06-06,PROLONGED_RAIN,11.0
2015-06-07,PROLONGED_RAIN,12.0
2015-06-08,PROLONGED_RAIN,13.0
2015-06-09,PROLONGED_RAIN,14.0
2015-06-10,PROLONGED_RAIN,15.0
2015-06-11,PROLONGED_RAIN,16.0
2015-06-12,PROLONGED_RAIN,17.0
2015-06-13,PROLONGED_RAIN,18.0
2015-06-14,PROLONGED_RAIN,19.0
2015-06-15,PROLONGED_RAIN,20.0
2015-06-16,PROLONGED_RAIN,21.0
2015-06-17,PROLONGED_RAIN,22.0
2015-06-18,PROLONGED_RAIN,23.0
2015-06-19,PROLONGED_RAIN,24.0
2015-06-20,PROLONGED_RAIN,25.0
2015-06-21,PROLONGED_RAIN,26.0
2015-06-22,PROLONGED_RAIN,27.0
2015-06-23,PROLONGED_RAIN,28.0
2015-06-24,PROLONGED_RAIN,29.0
2015-06-25,PROLONGED_RAIN,30.0
2015-06-25,HEAVY_RAIN,52.65
2015-06-26,PROLONGED_RAIN,31.0
2015-06-27,PROLONGED_RAIN,32.0
2015-06-28,PROLONGED_RAIN,33.0
2015-06-29,PROLONGED_RAIN,34.0
2015-06-30,PROLONGED_RAIN,35.0
2015-07-01,PROLONGED_RAIN,36.0
2015-07-02,PROLONGED_RAIN,37.0
2015-07-03,PROLONGED_RAIN,38.0
2015-07-04,PROLONGED_RAIN,39.0
2015-07-05,PROLONGED_RAIN,40.0
2015-07-06,PROLONGED_RAIN,41.0
2015-07-07,PROLONGED_RAIN,42.0
2015-07-08,PROLONGED_RAIN,43.0
2015-07-09,PROLONGED_RAIN,44.0
2015-07-09,HEAVY_RAIN,96.32
2015-07-10,PROLONGED_RAIN,45.0
2015-07-11,PROLONGED_RAIN,46.0
2015-07-12,PROLONGED_RAIN,47.0
2015-07-13,PROLONGED_RAIN,48.0
2015-07-14,PROLONGED_RAIN,49.0
2015-07-15,PROLONGED_RAIN,50.0
2015-07-16,PROLONGED_RAIN,51.0
2015-07-17,PROLONGED_RAIN,52.0
2015-07-18,PROLONGED_RAIN,53.0
2015-07-18,HEAVY_RAIN,56.39
2015-07-19,PROLONGED_RAIN,54.0
2015-07-19,EXTREME_HUMIDITY,92.2
2015-07-19,HEAVY_RAIN,64.81
2015-07-20,PROLONGED_RAIN,55.0
2015-07-21,PROLONGED_RAIN,56.0
2015-07-22,PROLONGED_RAIN,57.0
2015-07-23,PROLONGED_RAIN,58.0
2015-07-23,EXTREME_HUMIDITY,92.11
2015-07-24,PROLONGED_RAIN,59.0
2015-07-25,PROLONGED_RAIN,60.0
2015-07-26,PROLONGED_RAIN,61.0
2015-07-27,PROLONGED_RAIN,62.0
2015-07-28,PROLONGED_RAIN,63.0
2015-07-29,PROLONGED_RAIN,64.0
2015-07-30,PROLONGED_RAIN,65.0
2015-07-31,PROLONGED_RAIN,66.0
2015-08-01,PROLONGED_RAIN,67.0
2015-08-02,EXTREME_HUMIDITY,91.73
2015-08-02,PROLONGED_RAIN,68.0
2015-08-03,PROLONGED_RAIN,69.0
2015-08-04,PROLONGED_RAIN,70.0
2015-08-05,PROLONGED_RAIN,71.0
2015-08-05,EXTREME_HUMIDITY,92.37
2015-08-06,EXTREME_HUMIDITY,91.86
2015-08-06,PROLONGED_RAIN,72.0
2015-08-07,PROLONGED_RAIN,73.0
2015-08-08,EXTREME_HUMIDITY,92.16
2015-08-08,PROLONGED_RAIN,74.0
2015-08-09,PROLONGED_RAIN,75.0
2015-08-09,EXTREME_HUMIDITY,91.96
2015-08-10,EXTREME_HUMIDITY,91.8
2015-08-10,PROLONGED_RAIN,76.0
2015-08-11,EXTREME_HUMIDITY,92.91
2015-08-11,PROLONGED_RAIN,77.0
2015-08-12,EXTREME_HUMIDITY,92.76
2015-08-12,PROLONGED_RAIN,78.0
2015-08-13,PROLONGED_RAIN,79.0
2015-08-13,EXTREME_HUMIDITY,92.41
2015-08-14,PROLONGED_RAIN,80.0
2015-08-15,PROLONGED_RAIN,81.0
2015-08-16,PROLONGED_RAIN,82.0
2015-08-17,PROLONGED_RAIN,83.0
2015-08-18,PROLONGED_RAIN,84.0
2015-08-19,PROLONGED_RAIN,85.0
2015-08-20,PROLONGED_RAIN,86.0
2015-08-20,EXTREME_HUMIDITY,91.87
2015-08-21,PROLONGED_RAIN,87.0
2015-08-22,PROLONGED_RAIN,88.0
2015-08-23,PROLONGED_RAIN,89.0
2015-08-24,PROLONGED_RAIN,90.0
2015-08-25,PROLONGED_RAIN,91.0
2015-08-26,PROLONGED_RAIN,92.0
2015-08-27,PROLONGED_RAIN,93.0
2015-08-28,PROLONGED_RAIN,94.0
2015-08-29,PROLONGED_RAIN,95.0
2015-08-30,PROLONGED_RAIN,96.0
2015-08-31,PROLONGED_RAIN,97.0
2015-09-01,PROLONGED_RAIN,98.0
2015-09-02,PROLONGED_RAIN,99.0
2015-09-03,PROLONGED_RAIN,100.0
2015-09-04,PROLONGED_RAIN,101.0
2015-09-05,PROLONGED_RAIN,102.0
2015-09-06,PROLONGED_RAIN,103.0
2015-09-07,PROLONGED_RAIN,104.0
2015-09-08,PROLONGED_RAIN,105.0
2015-09-09,PROLONGED_RAIN,106.0
2015-09-10,PROLONGED_RAIN,107.0
2015-09-11,PROLONGED_RAIN,108.0
2015-09-12,PROLONGED_RAIN,109.0
2015-09-13,PROLONGED_RAIN,110.0
2015-09-14,PROLONGED_RAIN,111.0
2015-09-15,HEAVY_RAIN,66.05
2015-09-15,PROLONGED_RAIN,112.0
2015-09-16,PROLONGED_RAIN,113.0
2015-09-17,PROLONGED_RAIN,114.0
2015-09-18,PROLONGED_RAIN,115.0
2015-09-19,PROLONGED_RAIN,116.0
2015-09-20,PROLONGED_RAIN,117.0
2015-09-21,PROLONGED_RAIN,118.0
2015-09-25,PROLONGED_RAIN,3.0
2015-09-29,PROLONGED_RAIN,3.0
2015-09-30,PROLONGED_RAIN,4.0
2015-10-01,PROLONGED_RAIN,5.0
2015-10-02,PROLONGED_RAIN,6.0
2015-10-03,PROLONGED_RAIN,7.0
2015-10-04,PROLONGED_RAIN,8.0
2015-10-05,PROLONGED_RAIN,9.0
2015-10-06,PROLONGED_RAIN,10.0
2015-10-07,PROLONGED_RAIN,11.0
2015-10-08,PROLONGED_RAIN,12.0
2015-10-20,PROLONGED_RAIN,3.0
2015-10-21,PROLONGED_RAIN,4.0
2015-11-02,PROLONGED_RAIN,3.0
2015-11-03,PROLONGED_RAIN,4.0
2015-11-04,PROLONGED_RAIN,5.0
2015-11-05,PROLONGED_RAIN,6.0
2015-11-21,PROLONGED_RAIN,3.0
2015-11-22,PROLONGED_RAIN,4.0
2015-11-23,PROLONGED_RAIN,5.0
2015-11-24,PROLONGED_RAIN,6.0
2016-02-17,EXTREME_HEAT,33.04
2016-02-19,EXTREME_HEAT,33.02
2016-02-20,EXTREME_HEAT,33.6
2016-02-22,EXTREME_HEAT,34.46
2016-02-26,EXTREME_HEAT,33.49
2016-02-28,EXTREME_HEAT,33.15
2016-02-29,EXTREME_HEAT,33.24
2016-03-03,EXTREME_HEAT,34.42
2016-03-04,EXTREME_HEAT,33.0
2016-03-05,EXTREME_HEAT,33.08
2016-03-07,EXTREME_HEAT,33.52
2016-03-10,EXTREME_HEAT,33.02
2016-03-13,EXTREME_HEAT,33.3
2016-03-14,EXTREME_HEAT,34.44
2016-03-18,EXTREME_HEAT,34.74
2016-03-19,EXTREME_HEAT,33.46
2016-03-20,EXTREME_HEAT,34.82
2016-03-21,EXTREME_HEAT,35.38
2016-03-22,EXTREME_HEAT,33.62
2016-03-23,EXTREME_HEAT,34.38
2016-03-24,EXTREME_HEAT,34.34
2016-03-25,EXTREME_HEAT,34.72
2016-03-26,EXTREME_HEAT,35.16
2016-03-27,EXTREME_HEAT,34.07
2016-03-28,EXTREME_HEAT,34.4
2016-03-29,EXTREME_HEAT,33.9
2016-03-30,EXTREME_HEAT,34.1
2016-03-31,EXTREME_HEAT,33.7
2016-04-01,EXTREME_HEAT,34.24
2016-04-02,EXTREME_HEAT,34.47
2016-04-03,EXTREME_HEAT,34.28
2016-04-04,EXTREME_HEAT,35.43
2016-04-05,EXTREME_HEAT,33.48
2016-04-06,EXTREME_HEAT,33.6
2016-04-07,EXTREME_HEAT,35.36
2016-04-08,EXTREME_HEAT,34.48
2016-04-09,EXTREME_HEAT,33.06
2016-04-11,EXTREME_HEAT,34.38
2016-04-12,EXTREME_HEAT,34.07
2016-04-14,EXTREME_HEAT,36.28
2016-04-15,EXTREME_HEAT,35.04
2016-04-16,EXTREME_HEAT,34.03
2016-04-17,EXTREME_HEAT,34.44
2016-04-18,EXTREME_HEAT,35.22
2016-04-19,EXTREME_HEAT,34.93
2016-04-20,EXTREME_HEAT,34.72
2016-04-21,EXTREME_HEAT,33.74
2016-04-22,EXTREME_HEAT,33.56
2016-04-23,EXTREME_HEAT,34.52
2016-04-24,EXTREME_HEAT,35.08
2016-04-25,EXTREME_HEAT,35.67
2016-04-26,EXTREME_HEAT,36.2
2016-04-27,EXTREME_HEAT,34.9
2016-04-28,EXTREME_HEAT,33.24
2016-04-29,EXTREME_HEAT,33.68
2016-04-30,EXTREME_HEAT,35.11
2016-05-01,EXTREME_HEAT,34.66
2016-05-02,EXTREME_HEAT,34.93
2016-05-03,EXTREME_HEAT,33.83
2016-05-04,EXTREME_HEAT,34.22
2016-05-05,EXTREME_HEAT,34.78
2016-05-06,EXTREME_HEAT,34.8
2016-05-07,EXTREME_HEAT,35.78
2016-05-08,EXTREME_HEAT,35.2
2016-05-09,EXTREME_HEAT,36.98
2016-05-10,EXTREME_HEAT,35.75
2016-05-11,EXTREME_HEAT,34.06
2016-05-13,PROLONGED_RAIN,3.0
2016-05-14,PROLONGED_RAIN,4.0
2016-05-14,EXTREME_HEAT,33.76
2016-05-15,PROLONGED_RAIN,5.0
2016-05-16,PROLONGED_RAIN,6.0
2016-05-17,PROLONGED_RAIN,7.0
2016-05-18,PROLONGED_RAIN,8.0
2016-05-19,PROLONGED_RAIN,9.0
2016-05-20,PROLONGED_RAIN,10.0
2016-05-28,PROLONGED_RAIN,3.0
2016-05-29,PROLONGED_RAIN,4.0
2016-05-30,PROLONGED_RAIN,5.0
2016-05-31,PROLONGED_RAIN,6.0
2016-06-01,PROLONGED_RAIN,7.0
2016-06-02,PROLONGED_RAIN,8.0
2016-06-03,PROLONGED_RAIN,9.0
2016-06-04,PROLONGED_RAIN,10.0
2016-06-05,PROLONGED_RAIN,11.0
2016-06-06,PROLONGED_RAIN,12.0
2016-06-07,PROLONGED_RAIN,13.0
2016-06-08,PROLONGED_RAIN,14.0
2016-06-09,PROLONGED_RAIN,15.0
2016-06-10,PROLONGED_RAIN,16.0
2016-06-11,PROLONGED_RAIN,17.0
2016-06-12,PROLONGED_RAIN,18.0
2016-06-13,PROLONGED_RAIN,19.0
2016-06-14,PROLONGED_RAIN,20.0
2016-06-15,PROLONGED_RAIN,21.0
2016-06-16,PROLONGED_RAIN,22.0
2016-06-17,PROLONGED_RAIN,23.0
2016-06-18,HEAVY_RAIN,49.33
2016-06-18,PROLONGED_RAIN,24.0
2016-06-19,PROLONGED_RAIN,25.0
2016-06-20,PROLONGED_RAIN,26.0
2016-06-20,HEAVY_RAIN,55.44
2016-06-21,PROLONGED_RAIN,27.0
2016-06-22,PROLONGED_RAIN,28.0
2016-06-22,HEAVY_RAIN,51.62
2016-06-23,PROLONGED_RAIN,29.0
2016-06-24,PROLONGED_RAIN,30.0
2016-06-25,PROLONGED_RAIN,31.0
2016-06-26,PROLONGED_RAIN,32.0
2016-06-27,PROLONGED_RAIN,33.0
2016-06-27,HEAVY_RAIN,104.88
2016-06-27,EXTREME_HUMIDITY,92.62
2016-06-28,PROLONGED_RAIN,34.0
2016-06-28,HEAVY_RAIN,105.55
2016-06-28,EXTREME_HUMIDITY,92.1
2016-06-29,PROLONGED_RAIN,35.0
2016-06-29,HEAVY_RAIN,95.26
2016-06-29,EXTREME_HUMIDITY,92.37
2016-06-30,PROLONGED_RAIN,36.0
2016-07-01,PROLONGED_RAIN,37.0
2016-07-01,HEAVY_RAIN,68.71
2016-07-02,PROLONGED_RAIN,38.0
2016-07-03,PROLONGED_RAIN,39.0
2016-07-03,HEAVY_RAIN,51.65
2016-07-04,PROLONGED_RAIN,40.0
2016-07-04,HEAVY_RAIN,54.25
2016-07-05,PROLONGED_RAIN,41.0
2016-07-06,PROLONGED_RAIN,42.0
2016-07-06,EXTREME_HUMIDITY,92.25
2016-07-07,PROLONGED_RAIN,43.0
2016-07-08,PROLONGED_RAIN,44.0
2016-07-09,PROLONGED_RAIN,45.0
2016-07-10,PROLONGED_RAIN,46.0
2016-07-11,PROLONGED_RAIN,47.0
2016-07-12,PROLONGED_RAIN,48.0
2016-07-13,PROLONGED_RAIN,49.0
2016-07-14,PROLONGED_RAIN,50.0
2016-07-15,PROLONGED_RAIN,51.0
2016-07-16,PROLONGED_RAIN,52.0
2016-07-17,PROLONGED_RAIN,53.0
2016-07-17,EXTREME_HUMIDITY,91.86
2016-07-18,PROLONGED_RAIN,54.0
2016-07-18,EXTREME_HUMIDITY,91.65
2016-07-19,PROLONGED_RAIN,55.0
2016-07-20,PROLONGED_RAIN,56.0
2016-07-21,HEAVY_RAIN,55.79
2016-07-21,PROLONGED_RAIN,57.0
2016-07-22,PROLONGED_RAIN,58.0
2016-07-22,EXTREME_HUMIDITY,91.58
2016-07-23,EXTREME_HUMIDITY,93.71
2016-07-23,PROLONGED_RAIN,59.0
2016-07-24,EXTREME_HUMIDITY,92.43
2016-07-24,PROLONGED_RAIN,60.0
2016-07-25,PROLONGED_RAIN,61.0
2016-07-26,PROLONGED_RAIN,62.0
2016-07-27,EXTREME_HUMIDITY,92.89
2016-07-27,PROLONGED_RAIN,63.0
2016-07-28,PROLONGED_RAIN,64.0
2016-07-28,EXTREME_HUMIDITY,91.56
2016-07-29,PROLONGED_RAIN,65.0
2016-07-30,EXTREME_HUMIDITY,92.43
2016-07-30,PROLONGED_RAIN,66.0
2016-07-31,PROLONGED_RAIN,67.0
2016-07-31,EXTREME_HUMIDITY,91.81
2016-08-01,PROLONGED_RAIN,68.0
2016-08-02,PROLONGED_RAIN,69.0
2016-08-03,PROLONGED_RAIN,70.0
2016-08-04,PROLONGED_RAIN,71.0
2016-08-05,PROLONGED_RAIN,72.0
2016-08-06,PROLONGED_RAIN,73.0
2016-08-07,PROLONGED_RAIN,74.0
2016-08-08,PROLONGED_RAIN,75.0
2016-08-09,PROLONGED_RAIN,76.0
2016-08-10,PROLONGED_RAIN,77.0
2016-08-11,PROLONGED_RAIN,78.0
2016-08-12,PROLONGED_RAIN,79.0
2016-08-13,PROLONGED_RAIN,80.0
2016-08-14,PROLONGED_RAIN,81.0
2016-08-15,PROLONGED_RAIN,82.0
2016-08-16,PROLONGED_RAIN,83.0
2016-08-17,PROLONGED_RAIN,84.0
2016-08-18,PROLONGED_RAIN,85.0
2016-08-19,PROLONGED_RAIN,86.0
2016-08-20,PROLONGED_RAIN,87.0
2016-08-21,PROLONGED_RAIN,88.0
2016-08-22,PROLONGED_RAIN,89.0
2016-08-23,PROLONGED_RAIN,90.0
2016-08-24,PROLONGED_RAIN,91.0
2016-08-25,PROLONGED_RAIN,92.0
2016-08-25,EXTREME_HUMIDITY,91.79
2016-08-26,PROLONGED_RAIN,93.0
2016-08-27,PROLONGED_RAIN,94.0
2016-08-28,PROLONGED_RAIN,95.0
2016-08-29,PROLONGED_RAIN,96.0
2016-08-30,EXTREME_HUMIDITY,92.22
2016-08-30,PROLONGED_RAIN,97.0
2016-08-31,PROLONGED_RAIN,98.0
2016-09-01,PROLONGED_RAIN,99.0
2016-09-02,PROLONGED_RAIN,100.0
2016-09-03,PROLONGED_RAIN,101.0
2016-09-04,PROLONGED_RAIN,102.0
2016-09-05,PROLONGED_RAIN,103.0
2016-09-06,PROLONGED_RAIN,104.0
2016-09-07,PROLONGED_RAIN,105.0
2016-09-08,PROLONGED_RAIN,106.0
2016-09-13,PROLONGED_RAIN,3.0
2016-09-14,PROLONGED_RAIN,4.0
2016-09-15,PROLONGED_RAIN,5.0
2016-09-16,PROLONGED_RAIN,6.0
2016-09-17,PROLONGED_RAIN,7.0
2016-09-18,PROLONGED_RAIN,8.0
2016-09-19,PROLONGED_RAIN,9.0
2016-09-20,PROLONGED_RAIN,10.0
2016-09-21,PROLONGED_RAIN,11.0
2016-09-22,PROLONGED_RAIN,12.0
2016-09-23,PROLONGED_RAIN,13.0
2016-09-24,PROLONGED_RAIN,14.0
2016-09-25,PROLONGED_RAIN,15.0
2016-09-26,PROLONGED_RAIN,16.0
2016-09-27,PROLONGED_RAIN,17.0
2016-09-27,EXTREME_HUMIDITY,91.93
2016-09-28,PROLONGED_RAIN,18.0
2016-09-28,EXTREME_HUMIDITY,93.65
2016-09-29,PROLONGED_RAIN,19.0
2016-09-30,PROLONGED_RAIN,20.0
2016-10-01,PROLONGED_RAIN,21.0
2016-10-09,PROLONGED_RAIN,3.0
2016-10-10,PROLONGED_RAIN,4.0
2016-10-11,EXTREME_HUMIDITY,92.32
2016-10-11,PROLONGED_RAIN,5.0
2016-10-12,PROLONGED_RAIN,6.0
2016-10-13,PROLONGED_RAIN,7.0
2016-10-14,PROLONGED_RAIN,8.0
2016-12-14,PROLONGED_RAIN,3.0
