YEAR,MO,DY,T2M,T2M_RANGE,RH2M,PRECTOTCORR
2016,1,1,22.87,12.27,65.89,0.0
2016,1,2,22.28,12.22,63.61,0.0
2016,1,3,22.32,12.37,62.11,0.0
2016,1,4,22.88,12.24,65.06,0.0
2016,1,5,22.77,11.41,63.0,0.0
2016,1,6,22.89,11.85,59.46,0.0
2016,1,7,23.73,12.2,68.35,0.0
2016,1,8,22.52,11.29,65.0,0.0
2016,1,9,22.59,10.88,59.65,0.0
2016,1,10,23.32,10.05,59.99,0.0
2016,1,11,23.25,9.85,59.01,0.0
2016,1,12,23.14,10.05,60.55,0.0
2016,1,13,23.55,10.0,63.65,0.0
2016,1,14,23.57,9.36,74.61,0.0
2016,1,15,23.66,9.1,73.37,0.0
2016,1,16,23.65,8.09,73.73,0.02
2016,1,17,23.4,8.66,72.12,0.01
2016,1,18,24.33,9.53,68.79,0.07
2016,1,19,24.96,7.51,71.72,0.09
2016,1,20,24.39,6.96,72.73,0.01
2016,1,21,25.28,9.03,72.17,0.0
2016,1,22,26.33,9.62,66.39,0.0
2016,1,23,25.81,7.5,67.68,0.0
2016,1,24,26.01,8.74,71.2,0.0
2016,1,25,25.6,10.42,68.97,0.0
2016,1,26,24.69,10.09,64.82,0.0
2016,1,27,24.73,10.49,70.03,0.0
2016,1,28,25.14,11.09,69.24,0.0
2016,1,29,24.89,11.01,63.93,0.0
2016,1,30,25.61,12.23,57.23,0.0
2016,1,31,25.67,12.53,55.18,0.0
2016,2,1,25.38,12.66,54.05,0.0
2016,2,2,25.63,13.22,53.49,0.0
2016,2,3,25.36,13.47,55.99,0.0
2016,2,4,25.18,11.47,59.34,0.0
2016,2,5,24.96,10.33,66.41,0.0
2016,2,6,24.9,9.56,73.13,0.0
2016,2,7,25.29,8.73,73.42,0.0
2016,2,8,26.36,10.81,68.58,0.0
2016,2,9,25.78,7.88,73.58,0.0
2016,2,10,25.73,8.08,74.41,0.0
2016,2,11,25.29,7.77,76.39,0.0
2016,2,12,25.25,8.6,74.92,0.0
2016,2,13,25.0,8.86,70.64,0.0
2016,2,14,25.48,10.77,67.39,0.0
2016,2,15,25.68,11.33,63.73,0.0
2016,2,16,26.03,10.7,65.3,0.0
2016,2,17,27.17,11.73,55.82,0.0
2016,2,18,27.25,10.0,62.83,0.0
2016,2,19,27.4,11.25,61.05,0.0
2016,2,20,27.78,11.64,64.04,0.0
2016,2,21,27.16,9.16,70.52,0.0
2016,2,22,28.39,12.13,60.18,0.0
2016,2,23,27.53,9.92,71.41,0.0
2016,2,24,26.98,8.15,72.81,0.0
2016,2,25,26.95,9.81,66.61,0.0
2016,2,26,27.75,11.49,63.01,0.0
2016,2,27,26.7,9.82,67.84,0.0
2016,2,28,27.48,11.33,63.88,0.0
2016,2,29,28.01,10.46,61.73,0.0
2016,3,1,27.2,9.22,63.84,0.0
2016,3,2,27.07,8.15,66.82,0.0
2016,3,3,28.51,11.82,55.6,0.0
2016,3,4,27.9,10.21,64.7,0.0
2016,3,5,27.93,10.3,63.94,0.0
2016,3,6,27.75,10.22,67.28,0.0
2016,3,7,28.22,10.6,61.5,0.0
2016,3,8,27.8,10.05,65.38,0.0
2016,3,9,27.42,7.85,65.34,0.0
2016,3,10,28.11,9.83,64.72,0.0
2016,3,11,28.05,8.68,68.44,0.0
2016,3,12,28.08,9.51,67.68,0.01
2016,3,13,27.64,11.31,62.6,0.0
2016,3,14,28.15,12.57,52.96,0.0
2016,3,15,26.91,10.96,59.15,0.0
2016,3,16,26.89,11.01,63.29,0.0
2016,3,17,27.66,10.58,64.37,0.0
2016,3,18,28.82,11.83,61.83,0.0
2016,3,19,28.31,10.3,68.2,0.0
2016,3,20,28.97,11.7,66.11,0.0
2016,3,21,29.3,12.16,65.79,0.0
2016,3,22,28.54,10.16,65.25,0.0
2016,3,23,28.99,10.78,59.19,0.0
2016,3,24,29.0,10.68,60.97,0.0
2016,3,25,29.09,11.26,59.11,0.0
2016,3,26,29.24,11.84,59.84,0.0
2016,3,27,28.75,10.64,64.68,0.01
2016,3,28,29.06,10.68,65.08,0.05
2016,3,29,28.92,9.96,65.57,0.1
2016,3,30,29.02,10.16,64.29,0.1
2016,3,31,28.86,9.67,63.0,0.28
2016,4,1,29.19,10.09,62.16,0.05
2016,4,2,29.34,10.26,64.03,0.01
2016,4,3,29.15,10.25,63.6,0.03
2016,4,4,29.51,11.84,63.25,0.06
2016,4,5,28.82,9.32,67.24,0.37
2016,4,6,28.87,9.45,67.64,0.36
2016,4,7,29.75,11.21,63.36,0.11
2016,4,8,29.55,9.85,64.92,0.06
2016,4,9,28.83,8.45,64.61,0.7
2016,4,10,28.46,8.15,65.98,0.15
2016,4,11,29.39,9.98,65.68,0.01
2016,4,12,29.33,9.48,67.15,0.04
2016,4,13,28.33,8.47,68.85,0.0
2016,4,14,29.88,12.79,62.51,0.0
2016,4,15,29.83,10.42,64.23,0.1
2016,4,16,29.14,9.79,67.01,0.56
2016,4,17,29.31,10.26,61.69,0.01
2016,4,18,29.72,11.01,64.43,0.03
2016,4,19,29.84,10.18,65.59,0.02
2016,4,20,29.7,10.04,65.13,0.22
2016,4,21,29.09,9.31,68.32,0.06
2016,4,22,28.98,9.17,67.37,0.0
2016,4,23,29.03,10.98,61.59,0.0
2016,4,24,29.09,11.99,63.15,0.0
2016,4,25,29.44,12.46,60.35,0.0
2016,4,26,30.12,12.16,59.11,0.02
2016,4,27,29.79,10.22,63.77,0.06
2016,4,28,29.09,8.3,67.38,0.09
2016,4,29,29.14,9.08,67.35,0.04
2016,4,30,29.57,11.07,62.32,0.01
2016,5,1,29.56,10.21,62.87,0.05
2016,5,2,29.92,10.02,64.61,0.14
2016,5,3,29.36,8.94,68.6,3.57
2016,5,4,29.45,9.55,64.75,0.36
2016,5,5,29.84,9.88,62.76,0.13
2016,5,6,29.63,10.33,62.43,0.25
2016,5,7,29.95,11.65,59.21,0.01
2016,5,8,29.57,11.25,58.88,0.01
2016,5,9,30.49,12.99,56.58,0.05
2016,5,10,30.31,10.88,59.37,0.38
2016,5,11,29.53,9.07,63.45,1.78
2016,5,12,28.53,8.34,69.98,8.4
2016,5,13,28.6,8.64,73.03,3.4
2016,5,14,29.45,8.63,73.07,6.29
2016,5,15,28.5,6.89,79.19,3.77
2016,5,16,28.69,6.83,77.98,7.1
2016,5,17,27.42,3.94,82.92,9.15
2016,5,18,27.32,3.52,81.83,1.14
2016,5,19,27.8,4.94,79.12,2.42
2016,5,20,27.11,3.4,82.4,4.66
2016,5,21,27.97,5.91,76.83,0.26
2016,5,22,28.2,6.5,77.26,0.12
2016,5,23,28.31,6.22,77.44,0.13
2016,5,24,28.36,7.39,75.02,0.22
2016,5,25,28.15,6.93,76.28,0.5
2016,5,26,27.15,5.56,80.66,3.32
2016,5,27,27.49,6.43,78.5,3.8
2016,5,28,27.93,6.37,78.11,8.42
2016,5,29,26.63,4.56,82.04,9.96
2016,5,30,26.71,5.15,82.4,24.99
2016,5,31,27.34,6.58,78.84,8.94
2016,6,1,27.04,5.75,82.3,12.59
2016,6,2,25.21,2.07,87.57,9.52
2016,6,3,26.99,6.45,80.88,21.07
2016,6,4,25.81,3.13,90.58,17.86
2016,6,5,26.44,6.06,82.14,9.34
2016,6,6,25.94,3.64,86.65,2.96
2016,6,7,26.29,3.92,86.3,14.04
2016,6,8,25.32,5.13,84.0,21.01
2016,6,9,24.81,4.16,89.06,43.28
2016,6,10,25.56,4.57,85.49,18.03
2016,6,11,25.72,5.35,82.04,10.06
2016,6,12,25.4,5.31,84.47,25.19
2016,6,13,25.42,4.96,80.59,41.02
2016,6,14,25.85,4.54,83.25,19.65
2016,6,15,25.94,4.41,83.04,16.9
2016,6,16,25.94,3.66,87.28,29.73
2016,6,17,25.94,3.71,86.89,42.23
2016,6,18,25.34,4.6,89.35,49.33
2016,6,19,25.25,4.69,82.33,23.51
2016,6,20,24.48,4.17,86.54,55.44
2016,6,21,23.61,3.16,90.22,44.78
2016,6,22,24.23,3.43,88.81,51.62
2016,6,23,24.09,2.45,88.77,49.01
2016,6,24,24.35,3.56,88.76,36.83
2016,6,25,24.43,3.27,88.53,21.85
2016,6,26,25.12,3.25,90.23,36.97
2016,6,27,24.97,2.39,92.62,104.88
2016,6,28,24.92,2.86,92.1,105.55
2016,6,29,24.81,1.96,92.37,95.26
2016,6,30,25.24,2.45,90.69,30.09
2016,7,1,25.23,3.15,89.95,68.71
2016,7,2,25.25,3.23,89.57,44.66
2016,7,3,24.95,2.52,90.56,51.65
2016,7,4,25.08,2.79,90.96,54.25
2016,7,5,25.23,3.19,90.26,27.69
2016,7,6,24.9,2.2,92.25,44.14
2016,7,7,24.98,2.5,91.14,10.84
2016,7,8,25.07,2.76,90.45,12.48
2016,7,9,25.0,2.03,91.08,24.1
2016,7,10,25.11,2.7,90.15,37.45
2016,7,11,24.89,2.22,90.69,21.14
2016,7,12,24.82,2.83,90.08,19.65
2016,7,13,24.83,3.35,89.8,20.18
2016,7,14,24.8,3.9,89.29,9.28
2016,7,15,24.96,4.29,89.6,24.23
2016,7,16,24.31,2.82,91.36,16.74
2016,7,17,23.79,3.13,91.86,21.35
2016,7,18,23.68,3.65,91.65,18.18
2016,7,19,23.93,3.08,91.09,14.32
2016,7,20,24.18,3.67,91.1,48.66
2016,7,21,24.02,2.36,91.44,55.79
2016,7,22,23.89,2.45,91.58,39.57
2016,7,23,23.84,2.17,93.71,45.39
2016,7,24,23.87,2.7,92.43,19.44
2016,7,25,24.02,3.91,89.82,5.31
2016,7,26,24.01,4.34,89.68,8.82
2016,7,27,23.38,2.53,92.89,8.75
2016,7,28,23.81,3.23,91.56,15.65
2016,7,29,23.18,2.65,91.39,19.94
2016,7,30,23.27,2.96,92.43,23.52
2016,7,31,23.58,3.2,91.81,14.05
2016,8,1,24.16,3.49,90.28,10.74
2016,8,2,24.35,2.91,90.14,11.94
2016,8,3,24.4,3.18,90.14,13.94
2016,8,4,24.27,3.21,91.05,46.22
2016,8,5,24.35,2.74,91.04,35.42
2016,8,6,24.43,3.23,90.49,28.45
2016,8,7,24.39,3.36,90.92,21.66
2016,8,8,24.42,3.08,90.53,24.67
2016,8,9,24.42,3.63,89.34,9.74
2016,8,10,24.24,3.28,90.02,11.68
2016,8,11,24.59,3.46,90.39,20.5
2016,8,12,24.67,3.32,90.98,16.36
2016,8,13,24.6,3.61,89.87,15.7
2016,8,14,24.35,3.53,89.51,15.37
2016,8,15,24.34,3.52,89.48,22.07
2016,8,16,24.46,3.63,89.83,22.18
2016,8,17,24.53,3.62,90.21,18.65
2016,8,18,24.26,3.68,90.64,20.43
2016,8,19,24.22,4.33,90.46,14.17
2016,8,20,24.37,4.82,89.21,4.5
2016,8,21,24.74,5.11,89.86,12.5
2016,8,22,24.78,4.32,88.94,18.96
2016,8,23,24.62,3.59,90.42,32.9
2016,8,24,24.58,2.88,91.22,16.66
2016,8,25,24.41,3.69,91.79,15.4
2016,8,26,24.34,4.02,90.4,10.92
2016,8,27,24.45,3.75,89.81,12.75
2016,8,28,24.32,3.45,89.99,19.85
2016,8,29,24.49,3.85,91.1,12.36
2016,8,30,24.3,2.68,92.22,21.8
2016,8,31,23.47,4.37,91.32,22.99
2016,9,1,23.71,4.62,90.52,11.95
2016,9,2,23.67,3.23,91.11,14.04
2016,9,3,23.73,3.85,90.13,13.32
2016,9,4,24.02,4.11,88.72,5.9
2016,9,5,24.0,4.26,88.77,4.15
2016,9,6,23.88,4.73,87.31,5.85
2016,9,7,23.67,4.94,86.66,3.76
2016,9,8,23.54,4.83,88.0,2.69
2016,9,9,24.15,5.58,87.13,0.42
2016,9,10,24.14,5.37,87.98,0.36
2016,9,11,23.71,4.46,89.96,2.21
2016,9,12,24.26,5.59,87.57,2.65
2016,9,13,24.61,4.86,88.77,10.2
2016,9,14,24.51,4.22,89.42,11.09
2016,9,15,24.49,3.77,90.28,13.08
2016,9,16,24.5,4.28,88.72,11.93
2016,9,17,24.27,3.7,87.72,9.02
2016,9,18,24.25,3.98,88.3,10.2
2016,9,19,24.13,4.26,89.13,4.39
2016,9,20,24.21,4.39,88.38,8.03
2016,9,21,23.94,3.61,89.69,21.79
2016,9,22,23.74,3.64,89.01,8.25
2016,9,23,24.1,3.73,90.09,21.19
2016,9,24,24.1,3.56,91.05,21.74
2016,9,25,23.69,4.41,89.31,14.43
2016,9,26,24.05,4.67,91.31,18.33
2016,9,27,24.25,3.77,91.93,9.4
2016,9,28,24.21,3.33,93.65,13.37
2016,9,29,24.29,5.52,90.62,3.29
2016,9,30,23.93,5.0,88.88,1.99
2016,10,1,23.7,4.79,87.91,1.46
2016,10,2,24.25,5.63,86.2,0.24
2016,10,3,24.48,5.94,85.25,0.13
2016,10,4,24.13,5.1,85.58,1.02
2016,10,5,23.7,5.51,86.66,0.68
2016,10,6,23.37,5.54,85.29,0.32
2016,10,7,24.09,5.93,85.06,2.6
2016,10,8,24.07,5.23,87.61,3.46
2016,10,9,23.8,3.89,89.33,12.05
2016,10,10,24.24,3.99,88.12,13.3
2016,10,11,24.56,3.52,92.32,27.12
2016,10,12,24.94,4.65,88.67,10.28
2016,10,13,25.17,4.71,90.22,4.18
2016,10,14,25.14,7.47,85.26,2.76
2016,10,15,24.15,9.07,77.82,0.03
2016,10,16,23.93,9.46,79.24,0.0
2016,10,17,23.9,9.74,80.05,0.0
2016,10,18,24.1,8.04,80.26,0.0
2016,10,19,24.38,7.66,81.02,0.0
2016,10,20,24.11,7.93,81.22,0.0
2016,10,21,24.28,8.38,80.42,0.0
2016,10,22,24.18,7.46,80.1,0.0
2016,10,23,23.94,6.8,77.98,0.0
2016,10,24,24.25,5.92,82.23,0.0
2016,10,25,24.36,6.82,83.05,0.0
2016,10,26,24.47,9.7,78.61,0.0
2016,10,27,24.24,10.35,77.19,0.0
2016,10,28,24.93,8.2,72.65,0.0
2016,10,29,24.19,7.79,73.89,0.0
2016,10,30,25.18,9.01,79.66,0.08
2016,10,31,25.91,7.42,80.01,0.69
2016,11,1,25.91,6.75,82.72,2.63
2016,11,2,25.6,6.71,80.46,0.14
2016,11,3,25.82,7.6,82.43,0.15
2016,11,4,25.26,7.96,80.97,0.04
2016,11,5,23.3,8.83,76.51,0.0
2016,11,6,22.8,8.37,71.22,0.0
2016,11,7,23.15,9.68,76.16,0.0
2016,11,8,23.5,10.62,66.26,0.0
2016,11,9,23.43,11.52,68.15,0.0
2016,11,10,23.31,9.18,71.15,0.0
2016,11,11,23.33,8.56,72.41,0.0
2016,11,12,24.11,8.5,72.54,0.0
2016,11,13,24.55,8.06,78.56,0.21
2016,11,14,25.47,8.1,81.9,1.31
2016,11,15,25.67,7.09,81.13,1.35
2016,11,16,25.68,8.06,77.52,0.17
2016,11,17,25.87,9.32,75.49,0.0
2016,11,18,25.27,10.1,72.06,0.0
2016,11,19,25.18,10.16,72.35,0.0
2016,11,20,23.87,6.98,75.43,0.0
2016,11,21,24.44,9.95,69.3,0.0
2016,11,22,23.97,10.16,74.14,0.0
2016,11,23,23.34,11.06,67.21,0.0
2016,11,24,23.25,11.81,66.95,0.0
2016,11,25,23.63,11.6,63.66,0.0
2016,11,26,23.81,10.34,66.77,0.0
2016,11,27,23.1,12.78,62.03,0.0
2016,11,28,23.82,13.18,65.01,0.0
2016,11,29,23.19,10.95,69.62,0.0
2016,11,30,23.34,11.19,62.61,0.0
2016,12,1,23.48,11.44,65.91,0.0
2016,12,2,24.75,11.14,76.32,0.92
2016,12,3,25.47,8.92,79.06,0.75
2016,12,4,24.69,6.41,81.26,0.08
2016,12,5,25.02,7.69,78.72,0.41
2016,12,6,24.39,10.55,70.44,0.01
2016,12,7,23.6,10.23,68.23,0.0
2016,12,8,23.99,9.49,72.42,0.0
2016,12,9,22.64,11.05,69.67,0.0
2016,12,10,21.35,12.29,67.84,0.0
2016,12,11,21.45,12.68,63.26,0.0
2016,12,12,22.88,11.88,64.83,1.16
2016,12,13,23.19,8.84,80.87,4.92
2016,12,14,24.15,6.25,83.84,2.58
2016,12,15,24.7,9.0,75.91,0.11
2016,12,16,24.98,9.61,71.38,0.02
2016,12,17,24.85,8.78,76.41,0.0
2016,12,18,24.25,10.73,68.01,0.0
2016,12,19,23.18,11.7,65.02,0.0
2016,12,20,22.92,13.17,62.04,0.0
2016,12,21,23.22,12.2,66.79,0.0
2016,12,22,23.19,13.47,58.3,0.0
2016,12,23,22.64,13.27,54.88,0.0
2016,12,24,23.01,13.86,55.99,0.0
2016,12,25,23.02,11.2,69.66,0.0
2016,12,26,22.88,12.13,60.9,0.0
2016,12,27,23.23,13.97,54.4,0.0
2016,12,28,23.77,13.49,54.66,0.0
2016,12,29,23.26,13.15,57.48,0.0
2016,12,30,23.27,12.74,60.39,0.0
2016,12,31,23.47,11.79,59.84,0.0
2015,1,1,22.87,5.97,80.82,0.57
2015,1,2,22.85,5.41,77.72,0.05
2015,1,3,22.56,7.72,77.29,0.0
2015,1,4,23.22,9.18,76.83,0.0
2015,1,5,23.94,8.41,76.79,0.03
2015,1,6,24.35,8.8,72.51,0.0
2015,1,7,23.49,8.76,77.68,0.0
2015,1,8,23.44,8.6,73.62,0.0
2015,1,9,23.27,10.72,71.64,0.0
2015,1,10,21.26,13.72,62.53,0.0
2015,1,11,20.28,13.42,59.47,0.0
2015,1,12,20.36,13.08,59.38,0.0
2015,1,13,21.1,13.02,56.11,0.0
2015,1,14,21.87,12.02,58.83,0.0
2015,1,15,22.46,10.91,58.96,0.0
2015,1,16,23.02,11.0,60.31,0.0
2015,1,17,23.87,10.52,66.5,0.0
2015,1,18,24.3,9.6,67.61,0.0
2015,1,19,24.43,9.28,66.18,0.0
2015,1,20,23.94,8.43,71.01,0.0
2015,1,21,24.05,9.38,64.91,0.0
2015,1,22,23.41,9.41,64.94,0.0
2015,1,23,24.09,10.49,62.4,0.0
2015,1,24,23.52,7.92,68.37,0.0
2015,1,25,24.5,10.26,64.82,0.0
2015,1,26,23.11,11.23,57.48,0.0
2015,1,27,23.96,11.2,65.81,0.0
2015,1,28,24.44,10.45,72.99,0.0
2015,1,29,24.96,9.41,67.49,0.0
2015,1,30,25.4,10.33,63.69,0.0
2015,1,31,24.57,11.2,59.33,0.0
2015,2,1,24.9,11.16,61.24,0.0
2015,2,2,24.38,11.21,58.7,0.0
2015,2,3,23.62,11.36,54.56,0.0
2015,2,4,22.78,9.62,52.63,0.0
2015,2,5,23.54,11.48,52.21,0.0
2015,2,6,23.88,10.21,65.92,0.0
2015,2,7,24.65,9.6,66.85,0.0
2015,2,8,24.59,9.64,62.9,0.0
2015,2,9,24.28,9.39,61.91,0.0
2015,2,10,24.41,12.47,56.33,0.0
2015,2,11,24.2,13.28,50.7,0.0
2015,2,12,24.4,13.77,61.22,0.0
2015,2,13,24.5,14.57,58.44,0.0
2015,2,14,25.46,12.6,58.28,0.0
2015,2,15,24.97,12.27,61.82,0.0
2015,2,16,25.77,11.85,64.59,0.0
2015,2,17,25.39,11.35,67.43,0.0
2015,2,18,25.61,12.02,66.15,0.0
2015,2,19,25.45,9.41,70.08,0.0
2015,2,20,25.79,11.05,63.48,0.0
2015,2,21,25.49,13.21,52.11,0.0
2015,2,22,25.31,13.16,48.84,0.0
2015,2,23,25.77,13.42,52.83,0.0
2015,2,24,25.51,13.0,59.42,0.0
2015,2,25,25.38,10.96,64.84,0.02
2015,2,26,25.56,11.57,68.09,0.03
2015,2,27,26.2,10.26,64.76,0.08
2015,2,28,26.07,9.36,65.75,0.37
2015,3,1,25.81,8.9,72.95,6.31
2015,3,2,24.86,8.19,75.8,2.27
2015,3,3,24.73,9.71,71.39,0.09
2015,3,4,24.33,9.65,71.11,0.01
2015,3,5,25.53,12.25,68.45,0.0
2015,3,6,26.54,10.19,70.08,0.27
2015,3,7,26.96,10.36,67.27,0.22
2015,3,8,26.51,7.69,69.48,2.64
2015,3,9,26.55,8.11,69.79,0.45
2015,3,10,27.11,11.08,62.84,0.16
2015,3,11,27.13,12.63,49.53,0.03
2015,3,12,27.45,12.56,57.5,0.0
2015,3,13,27.2,10.55,66.48,0.0
2015,3,14,27.41,10.27,64.83,0.0
2015,3,15,27.43,8.63,68.74,0.36
2015,3,16,27.46,8.31,70.82,0.04
2015,3,17,27.91,9.47,67.54,0.0
2015,3,18,27.96,9.31,66.2,0.0
2015,3,19,27.45,8.51,66.18,0.0
2015,3,20,28.08,11.29,63.23,0.0
2015,3,21,28.37,12.49,58.0,0.0
2015,3,22,27.71,11.44,66.01,0.0
2015,3,23,27.84,11.67,66.28,0.0
2015,3,24,28.84,11.39,64.33,0.01
2015,3,25,28.31,9.77,67.6,0.03
2015,3,26,27.86,9.01,66.97,0.02
2015,3,27,27.67,9.94,65.69,0.5
2015,3,28,27.48,9.53,66.97,0.45
2015,3,29,27.91,9.71,66.39,7.04
2015,3,30,26.58,5.18,78.16,4.16
2015,3,31,26.7,5.74,78.44,2.29
2015,4,1,27.37,7.61,74.81,7.57
2015,4,2,27.62,8.15,72.2,1.59
2015,4,3,27.44,9.74,68.28,0.12
2015,4,4,27.72,11.13,64.06,0.03
2015,4,5,28.61,12.84,59.8,0.01
2015,4,6,28.26,10.45,67.59,0.59
2015,4,7,27.63,8.43,68.7,0.75
2015,4,8,27.81,8.71,67.43,0.96
2015,4,9,27.11,5.76,72.05,0.53
2015,4,10,27.05,6.06,72.76,1.28
2015,4,11,25.98,4.56,71.59,1.31
2015,4,12,27.2,7.97,70.59,4.72
2015,4,13,26.36,7.67,73.54,4.64
2015,4,14,26.49,9.05,68.76,0.45
2015,4,15,27.31,11.16,61.78,0.02
2015,4,16,28.29,12.09,61.23,0.0
2015,4,17,28.06,9.89,64.59,0.03
2015,4,18,28.41,9.79,66.0,0.03
2015,4,19,28.78,9.55,67.47,0.09
2015,4,20,28.3,7.81,69.53,0.04
2015,4,21,27.79,6.76,75.26,5.94
2015,4,22,27.15,5.51,80.91,6.24
2015,4,23,26.07,3.49,86.56,12.35
2015,4,24,27.34,6.89,78.47,3.69
2015,4,25,25.79,3.62,82.21,1.53
2015,4,26,27.72,9.03,69.38,1.25
2015,4,27,28.03,9.64,69.76,0.85
2015,4,28,28.28,9.91,69.73,0.54
2015,4,29,28.3,9.67,69.77,0.84
2015,4,30,27.39,8.19,72.95,0.84
2015,5,1,27.9,9.53,70.78,0.9
2015,5,2,27.11,7.35,75.72,2.16
2015,5,3,27.67,8.71,70.66,1.37
2015,5,4,27.71,7.86,72.93,3.96
2015,5,5,27.86,7.61,74.5,14.26
2015,5,6,27.89,7.52,75.47,1.19
2015,5,7,26.94,4.38,82.28,2.09
2015,5,8,27.11,5.22,81.5,1.15
2015,5,9,27.26,5.47,81.11,0.51
2015,5,10,26.77,3.72,82.74,1.57
2015,5,11,26.42,3.74,86.0,14.8
2015,5,12,26.65,4.95,83.02,17.66
2015,5,13,26.39,5.68,81.05,21.41
2015,5,14,27.96,8.17,75.66,8.66
2015,5,15,27.44,5.14,78.61,18.32
2015,5,16,26.53,4.4,85.16,13.27
2015,5,17,27.04,5.89,83.73,4.86
2015,5,18,25.97,3.14,85.41,8.65
2015,5,19,26.71,4.91,83.32,0.98
2015,5,20,27.27,5.76,79.99,0.2
2015,5,21,27.35,4.97,80.97,0.07
2015,5,22,26.99,6.53,74.41,0.12
2015,5,23,26.2,5.14,83.53,0.06
2015,5,24,27.14,5.63,82.2,0.28
2015,5,25,27.48,5.59,81.94,0.03
2015,5,26,27.5,5.68,80.13,0.48
2015,5,27,26.98,4.76,82.23,2.67
2015,5,28,26.82,4.26,83.45,2.29
2015,5,29,26.47,4.94,83.41,19.98
2015,5,30,27.11,7.07,77.37,8.37
2015,5,31,26.77,5.33,84.12,14.59
2015,6,1,25.96,3.47,86.03,5.21
2015,6,2,25.32,3.43,86.82,2.22
2015,6,3,26.24,4.97,84.82,1.98
2015,6,4,26.28,4.55,87.94,36.1
2015,6,5,25.78,4.14,85.57,4.62
2015,6,6,26.72,6.21,82.14,5.54
2015,6,7,25.84,5.16,85.7,15.83
2015,6,8,24.96,3.15,88.94,39.69
2015,6,9,24.93,4.22,87.09,34.76
2015,6,10,25.52,5.23,83.86,27.62
2015,6,11,25.14,3.96,89.07,40.31
2015,6,12,24.14,2.42,89.74,28.42
2015,6,13,24.77,4.36,84.37,29.21
2015,6,14,24.57,3.74,84.74,25.65
2015,6,15,24.58,3.81,85.26,17.34
2015,6,16,24.43,4.04,85.1,40.69
2015,6,17,24.12,3.15,86.91,36.78
2015,6,18,24.85,2.84,88.95,36.78
2015,6,19,25.79,1.87,90.9,45.53
2015,6,20,25.54,2.3,89.66,36.68
2015,6,21,25.59,1.79,90.44,39.39
2015,6,22,25.71,2.01,91.14,39.9
2015,6,23,26.08,2.9,89.63,24.46
2015,6,24,25.88,2.56,90.01,26.19
2015,6,25,26.03,2.55,90.1,52.65
2015,6,26,25.96,2.6,90.46,27.54
2015,6,27,25.65,2.57,90.02,5.94
2015,6,28,25.31,2.42,90.51,6.0
2015,6,29,25.69,3.76,87.84,8.08
2015,6,30,25.2,2.97,89.76,19.75
2015,7,1,25.22,3.94,88.25,15.61
2015,7,2,25.26,3.56,88.86,14.64
2015,7,3,25.27,3.79,89.25,20.01
2015,7,4,25.46,4.21,87.8,10.86
2015,7,5,25.48,4.69,86.3,14.74
2015,7,6,25.29,4.19,84.85,12.66
2015,7,7,25.47,4.5,84.69,18.09
2015,7,8,25.53,3.78,87.22,34.88
2015,7,9,25.47,2.99,90.76,96.32
2015,7,10,25.37,2.55,91.13,43.88
2015,7,11,25.25,2.68,90.58,39.11
2015,7,12,25.16,3.52,90.5,19.26
2015,7,13,25.26,4.21,88.51,6.06
2015,7,14,25.46,4.19,89.96,11.66
2015,7,15,25.17,3.02,90.26,30.12
2015,7,16,25.12,2.53,90.57,21.05
2015,7,17,25.34,2.56,90.36,35.36
2015,7,18,25.37,2.39,91.06,56.39
2015,7,19,24.56,1.98,92.2,64.81
2015,7,20,24.93,2.11,91.36,35.81
2015,7,21,25.02,2.62,90.56,19.25
2015,7,22,25.17,2.82,90.28,21.4
2015,7,23,24.78,2.29,92.11,42.94
2015,7,24,23.93,3.94,90.14,20.63
2015,7,25,23.54,3.14,88.2,33.6
2015,7,26,23.68,2.54,90.71,39.62
2015,7,27,23.98,4.02,88.25,24.01
2015,7,28,23.81,2.97,91.26,12.69
2015,7,29,24.51,3.83,89.08,4.96
2015,7,30,24.83,4.36,87.5,14.26
2015,7,31,24.63,3.86,89.16,21.05
2015,8,1,24.06,2.4,90.97,19.92
2015,8,2,24.37,2.49,91.73,16.33
2015,8,3,24.59,2.91,90.71,19.28
2015,8,4,24.79,3.02,91.21,21.35
2015,8,5,24.6,2.73,92.37,39.79
2015,8,6,24.77,2.87,91.86,33.26
2015,8,7,24.83,3.64,90.21,27.53
2015,8,8,24.75,2.98,92.16,24.95
2015,8,9,24.91,2.63,91.96,37.17
2015,8,10,24.75,2.75,91.8,43.18
2015,8,11,24.41,2.68,92.91,23.14
2015,8,12,24.57,2.73,92.76,30.34
2015,8,13,24.6,2.73,92.41,37.18
2015,8,14,24.58,3.22,91.42,26.26
2015,8,15,24.99,3.96,89.94,22.52
2015,8,16,24.77,3.47,91.32,18.6
2015,8,17,24.88,3.39,91.4,16.61
2015,8,18,25.55,5.52,90.02,10.46
2015,8,19,25.96,5.97,88.77,16.44
2015,8,20,24.75,3.1,91.87,33.92
2015,8,21,24.5,4.46,90.14,15.54
2015,8,22,24.23,3.99,89.42,11.61
2015,8,23,24.5,3.5,90.25,12.87
2015,8,24,24.1,3.06,90.65,9.57
2015,8,25,24.79,5.01,87.65,6.02
2015,8,26,24.84,4.59,88.0,16.73
2015,8,27,24.49,3.74,89.63,13.8
2015,8,28,24.74,4.23,89.21,10.31
2015,8,29,25.1,4.43,88.44,11.12
2015,8,30,25.06,4.72,87.37,7.83
2015,8,31,24.9,4.76,87.89,7.03
2015,9,1,24.89,5.12,87.09,2.7
2015,9,2,24.96,4.97,86.84,1.99
2015,9,3,25.63,5.71,85.4,2.55
2015,9,4,25.57,4.76,88.32,1.87
2015,9,5,25.22,5.44,88.78,11.33
2015,9,6,24.68,4.24,89.71,19.1
2015,9,7,23.95,3.36,88.11,19.46
2015,9,8,23.58,3.24,89.13,17.1
2015,9,9,24.26,4.61,86.27,11.1
2015,9,10,24.54,4.01,86.09,9.07
2015,9,11,24.56,3.3,87.28,11.73
2015,9,12,24.72,3.99,87.09,12.41
2015,9,13,24.97,4.34,87.29,19.48
2015,9,14,24.83,2.23,91.3,47.6
2015,9,15,24.21,3.05,90.03,66.05
2015,9,16,23.72,3.44,89.57,25.94
2015,9,17,24.34,3.87,91.03,21.4
2015,9,18,25.18,4.3,90.24,7.15
2015,9,19,25.41,4.45,89.16,7.36
2015,9,20,24.85,4.56,87.71,4.95
2015,9,21,25.07,5.09,84.73,1.06
2015,9,22,25.09,5.82,83.33,0.15
2015,9,23,25.56,5.23,83.95,1.95
2015,9,24,25.82,5.77,86.32,7.12
2015,9,25,25.65,4.8,87.07,1.14
2015,9,26,25.24,3.74,88.09,0.19
2015,9,27,25.27,5.27,87.47,7.33
2015,9,28,25.08,5.52,86.86,6.94
2015,9,29,26.09,8.14,81.27,3.93
2015,9,30,25.23,5.52,87.56,37.28
2015,10,1,25.43,5.39,88.17,10.41
2015,10,2,25.42,4.36,88.61,5.07
2015,10,3,25.39,4.09,88.67,5.08
2015,10,4,25.28,4.64,87.69,17.64
2015,10,5,24.18,5.05,90.34,44.23
2015,10,6,24.17,5.17,87.12,23.95
2015,10,7,24.88,5.33,87.15,8.86
2015,10,8,25.09,5.07,88.66,7.23
2015,10,9,25.38,4.81,88.11,0.7
2015,10,10,25.06,4.15,87.97,1.11
2015,10,11,25.13,5.27,87.17,1.91
2015,10,12,24.45,4.02,85.71,0.78
2015,10,13,25.8,6.74,83.51,6.73
2015,10,14,25.36,9.7,74.93,0.2
2015,10,15,25.47,9.71,75.94,0.07
2015,10,16,26.32,8.14,77.61,0.07
2015,10,17,26.49,7.3,79.83,0.53
2015,10,18,26.55,7.04,80.23,1.48
2015,10,19,26.3,7.04,79.8,1.35
2015,10,20,26.04,7.86,78.36,2.01
2015,10,21,26.35,8.64,75.64,9.1
2015,10,22,25.89,8.37,73.61,0.06
2015,10,23,25.41,9.9,70.17,0.0
2015,10,24,24.93,10.21,65.06,0.0
2015,10,25,24.81,10.29,71.3,0.0
2015,10,26,25.62,9.05,74.42,0.03
2015,10,27,25.77,7.05,75.98,0.06
2015,10,28,24.51,4.1,81.03,7.48
2015,10,29,25.66,5.7,82.6,3.28
2015,10,30,26.41,7.1,80.34,0.67
2015,10,31,26.8,7.23,78.67,2.19
2015,11,1,25.7,4.58,86.26,14.83
2015,11,2,24.2,3.32,87.48,12.11
2015,11,3,24.95,5.26,84.86,3.95
2015,11,4,25.89,6.01,82.28,5.82
2015,11,5,25.19,6.55,83.42,5.09
2015,11,6,25.76,7.75,76.17,0.34
2015,11,7,26.08,7.87,73.44,0.05
2015,11,8,26.42,7.34,75.66,0.02
2015,11,9,25.4,6.74,76.63,0.74
2015,11,10,23.56,3.95,80.08,0.54
2015,11,11,25.49,6.9,82.04,1.08
2015,11,12,26.11,7.0,81.63,3.13
2015,11,13,24.47,7.01,78.59,0.23
2015,11,14,23.42,8.68,68.75,0.07
2015,11,15,24.32,9.38,74.98,0.31
2015,11,16,23.86,6.21,80.31,0.37
2015,11,17,24.7,7.0,77.94,0.23
2015,11,18,25.39,7.25,78.55,0.37
2015,11,19,25.94,7.28,83.88,6.11
2015,11,20,26.0,6.23,82.04,11.56
2015,11,21,25.93,6.52,80.84,2.9
2015,11,22,25.83,6.88,79.0,1.86
2015,11,23,25.6,5.76,82.81,1.87
2015,11,24,25.18,5.42,86.98,8.78
2015,11,25,24.68,8.84,71.91,0.18
2015,11,26,24.17,8.79,61.61,0.0
2015,11,27,24.98,9.48,74.57,0.0
2015,11,28,24.98,9.84,74.89,0.0
2015,11,29,25.12,10.19,70.17,0.1
2015,11,30,25.85,6.56,76.2,0.45
2015,12,1,25.94,7.45,76.93,0.07
2015,12,2,25.8,6.96,76.17,1.26
2015,12,3,25.83,7.85,75.81,0.04
2015,12,4,24.27,10.32,71.65,0.0
2015,12,5,24.5,9.98,73.13,0.02
2015,12,6,25.23,8.72,74.7,0.05
2015,12,7,25.67,8.45,75.41,0.0
2015,12,8,24.25,8.75,73.76,0.0
2015,12,9,25.21,9.5,78.08,0.0
2015,12,10,26.63,6.88,80.03,0.0
2015,12,11,25.2,4.3,86.95,0.0
2015,12,12,26.3,6.45,81.64,0.14
2015,12,13,25.62,4.81,82.87,0.67
2015,12,14,25.59,5.45,81.21,0.17
2015,12,15,25.8,6.71,79.22,0.3
2015,12,16,25.4,7.66,78.45,0.06
2015,12,17,25.1,7.91,78.03,0.0
2015,12,18,25.08,7.09,75.61,0.0
2015,12,19,25.28,8.16,76.83,0.0
2015,12,20,25.08,8.1,77.26,0.0
2015,12,21,25.01,7.99,78.48,0.0
2015,12,22,24.75,8.56,74.4,0.0
2015,12,23,24.39,8.49,74.51,0.0
2015,12,24,24.15,8.75,72.64,0.0
2015,12,25,24.13,10.36,70.77,0.0
2015,12,26,23.17,10.23,70.37,0.0
2015,12,27,23.58,10.38,71.31,0.0
2015,12,28,22.99,12.27,66.31,0.0
2015,12,29,22.94,12.78,65.22,0.0
2015,12,30,22.73,12.56,65.72,0.0
2015,12,31,22.46,12.82,66.05,0.0
2014,1,1,23.05,9.79,69.92,0.0
2014,1,2,22.65,9.99,71.52,0.0
2014,1,3,23.22,10.33,69.32,0.0
2014,1,4,23.78,9.8,74.86,0.0
2014,1,5,23.29,9.77,71.64,0.0
2014,1,6,23.12,11.21,69.28,0.0
2014,1,7,22.78,11.65,65.52,0.0
2014,1,8,23.47,10.98,64.97,0.0
2014,1,9,24.28,9.83,67.97,0.0
2014,1,10,23.92,9.48,75.5,0.0
2014,1,11,23.94,9.09,73.61,0.0
2014,1,12,24.35,9.03,73.97,0.0
2014,1,13,24.53,9.71,66.32,0.0
2014,1,14,24.32,8.77,69.6,0.0
2014,1,15,24.63,8.93,74.07,0.0
2014,1,16,24.91,8.24,73.67,0.0
2014,1,17,25.02,7.75,75.36,0.53
2014,1,18,25.01,7.43,73.32,0.0
2014,1,19,25.07,8.75,64.84,0.0
2014,1,20,25.32,8.59,68.23,0.0
2014,1,21,24.89,9.6,61.95,0.0
2014,1,22,24.65,9.34,69.1,0.0
2014,1,23,24.76,8.03,69.47,0.0
2014,1,24,24.43,7.88,70.61,0.0
2014,1,25,24.78,9.88,63.69,0.0
2014,1,26,24.77,10.35,61.29,0.0
2014,1,27,24.08,8.85,60.86,0.0
2014,1,28,23.83,10.45,63.16,0.0
2014,1,29,24.51,11.43,61.65,0.0
2014,1,30,24.34,9.74,61.85,0.0
2014,1,31,24.33,10.84,61.15,0.0
2014,2,1,24.53,11.1,59.17,0.0
2014,2,2,25.5,11.46,60.48,0.0
2014,2,3,25.28,11.35,62.37,0.0
2014,2,4,25.23,12.03,61.03,0.0
2014,2,5,25.03,11.39,61.82,0.0
2014,2,6,24.67,12.91,55.03,0.0
2014,2,7,24.41,12.58,63.26,0.0
2014,2,8,24.42,11.82,64.38,0.0
2014,2,9,24.59,11.07,65.32,0.0
2014,2,10,23.67,11.54,60.49,0.0
2014,2,11,24.9,12.54,58.32,0.0
2014,2,12,24.54,8.16,68.35,0.0
2014,2,13,24.2,7.99,72.85,0.0
2014,2,14,24.12,8.18,71.88,0.0
2014,2,15,23.98,8.79,68.28,0.0
2014,2,16,23.65,9.52,70.17,0.0
2014,2,17,24.59,11.8,61.69,0.0
2014,2,18,26.18,11.17,66.31,0.0
2014,2,19,25.74,9.59,68.94,0.0
2014,2,20,25.51,9.1,69.94,0.0
2014,2,21,25.62,8.7,68.14,0.0
2014,2,22,25.81,9.82,70.73,0.0
2014,2,23,26.49,11.11,61.92,0.0
2014,2,24,26.29,11.58,59.33,0.0
2014,2,25,26.93,10.06,70.34,0.0
2014,2,26,26.47,8.27,73.46,0.04
2014,2,27,26.15,8.12,72.47,0.96
2014,2,28,25.78,9.25,70.37,0.03
2014,3,1,25.34,11.84,65.17,0.0
2014,3,2,24.52,11.25,59.06,0.01
2014,3,3,24.92,11.41,62.02,0.52
2014,3,4,25.28,9.85,70.13,0.06
2014,3,5,25.34,10.93,68.67,0.01
2014,3,6,25.34,11.16,66.22,0.0
2014,3,7,27.1,12.22,59.22,0.92
2014,3,8,27.55,11.4,62.36,0.69
2014,3,9,27.43,9.57,64.79,0.29
2014,3,10,27.44,9.12,65.4,0.01
2014,3,11,27.66,9.7,63.03,0.0
2014,3,12,26.63,7.87,56.97,0.0
2014,3,13,27.28,12.8,47.68,0.0
2014,3,14,27.88,14.21,54.56,0.0
2014,3,15,27.86,13.69,54.14,0.0
2014,3,16,28.53,15.08,49.79,0.0
2014,3,17,28.34,13.7,56.09,0.0
2014,3,18,28.38,13.75,52.08,0.0
2014,3,19,28.34,12.97,58.16,0.0
2014,3,20,28.32,11.88,65.02,0.0
2014,3,21,28.58,9.88,65.26,0.0
2014,3,22,28.43,11.44,58.26,0.0
2014,3,23,28.16,11.03,60.51,0.0
2014,3,24,28.36,10.99,61.07,0.0
2014,3,25,28.54,12.86,56.68,0.0
2014,3,26,29.2,14.34,53.61,0.0
2014,3,27,28.45,11.63,60.13,0.0
2014,3,28,28.94,13.3,54.24,0.0
2014,3,29,29.26,14.26,54.68,0.0
2014,3,30,29.09,10.24,64.64,0.0
2014,3,31,28.41,8.8,66.02,0.0
2014,4,1,28.81,10.15,64.73,0.18
2014,4,2,28.81,10.24,59.1,0.02
2014,4,3,29.9,11.34,57.23,0.06
2014,4,4,29.02,11.02,62.42,0.06
2014,4,5,29.24,12.42,62.86,0.0
2014,4,6,29.32,10.94,62.62,0.0
2014,4,7,28.41,8.51,67.58,0.0
2014,4,8,27.66,8.31,70.13,5.11
2014,4,9,26.88,8.16,68.77,2.02
2014,4,10,28.67,12.03,63.09,0.01
2014,4,11,28.28,10.34,64.66,0.36
2014,4,12,28.8,12.34,57.47,0.02
2014,4,13,28.82,12.16,55.75,1.82
2014,4,14,28.51,10.96,61.38,5.63
2014,4,15,28.14,9.58,67.85,2.33
2014,4,16,28.1,9.7,69.3,1.66
2014,4,17,27.81,9.11,70.29,1.22
2014,4,18,28.21,8.61,69.94,0.37
2014,4,19,27.77,6.61,73.74,0.05
2014,4,20,28.19,7.42,69.89,0.0
2014,4,21,28.38,7.4,70.49,0.0
2014,4,22,28.55,8.05,70.13,0.0
2014,4,23,27.89,6.79,73.61,0.0
2014,4,24,28.97,9.23,67.61,0.0
2014,4,25,28.68,8.27,70.49,0.0
2014,4,26,28.34,6.36,72.14,1.12
2014,4,27,28.89,7.72,68.29,0.12
2014,4,28,28.01,6.31,72.74,0.02
2014,4,29,28.2,7.04,74.08,0.97
2014,4,30,28.1,6.17,76.12,3.12
2014,5,1,27.68,6.7,76.78,5.5
2014,5,2,28.56,9.25,72.04,2.86
2014,5,3,28.92,9.11,71.63,3.95
2014,5,4,29.22,8.94,70.37,0.18
2014,5,5,28.44,7.16,73.11,2.18
2014,5,6,28.39,8.27,73.58,3.05
2014,5,7,27.31,8.77,74.33,8.73
2014,5,8,25.63,4.09,86.19,53.81
2014,5,9,26.61,4.04,82.8,0.99
2014,5,10,26.91,5.84,79.21,0.01
2014,5,11,27.15,9.25,71.84,0.01
2014,5,12,27.29,10.09,70.25,0.0
2014,5,13,27.55,10.01,72.64,0.0
2014,5,14,27.41,9.01,71.1,0.0
2014,5,15,26.93,8.04,71.83,0.0
2014,5,16,27.09,8.6,69.32,0.0
2014,5,17,27.76,8.24,73.04,0.04
2014,5,18,28.4,7.73,75.22,0.2
2014,5,19,27.8,5.81,80.57,7.81
2014,5,20,25.66,3.74,81.95,3.2
2014,5,21,26.56,6.06,79.89,12.66
2014,5,22,26.97,5.92,81.92,1.84
2014,5,23,27.09,5.29,79.08,0.02
2014,5,24,26.37,4.59,75.44,0.08
2014,5,25,27.75,6.6,73.11,0.04
2014,5,26,27.9,7.64,73.61,0.4
2014,5,27,27.64,7.98,71.79,2.05
2014,5,28,27.8,6.16,79.63,11.92
2014,5,29,26.45,3.92,86.85,13.7
2014,5,30,27.11,5.11,84.9,5.08
2014,5,31,27.23,5.02,82.87,2.12
2014,6,1,27.64,6.71,77.4,0.15
2014,6,2,27.5,6.59,79.24,33.31
2014,6,3,26.57,4.23,83.94,0.95
2014,6,4,27.11,5.16,82.62,5.36
2014,6,5,26.74,3.84,86.89,10.18
2014,6,6,26.77,3.81,87.59,5.22
2014,6,7,26.06,3.27,87.28,3.91
2014,6,8,26.38,4.53,85.25,24.45
2014,6,9,25.97,3.3,86.42,14.08
2014,6,10,26.06,3.6,88.95,25.71
2014,6,11,25.59,3.02,89.11,59.65
2014,6,12,25.76,4.46,86.63,50.71
2014,6,13,25.61,3.96,87.7,41.45
2014,6,14,25.81,4.03,86.91,20.02
2014,6,15,25.58,3.25,87.35,6.59
2014,6,16,26.19,3.53,87.36,77.43
2014,6,17,25.76,2.74,88.87,24.9
2014,6,18,25.76,1.96,90.5,17.39
2014,6,19,25.97,3.18,87.63,16.68
2014,6,20,26.16,3.63,87.31,25.7
2014,6,21,25.84,3.04,88.0,24.36
2014,6,22,25.65,2.66,89.46,19.65
2014,6,23,25.5,2.78,89.55,8.71
2014,6,24,25.72,4.79,85.4,2.94
2014,6,25,25.9,5.3,83.19,1.17
2014,6,26,26.32,5.92,82.86,0.03
2014,6,27,26.39,5.06,86.14,0.3
2014,6,28,26.19,4.16,87.7,2.77
2014,6,29,25.99,3.66,86.69,9.92
2014,6,30,25.92,4.08,86.97,14.43
2014,7,1,25.79,3.43,88.77,27.69
2014,7,2,25.74,4.3,85.25,4.79
2014,7,3,25.75,4.29,85.03,6.34
2014,7,4,25.81,4.11,86.83,3.38
2014,7,5,25.0,3.88,90.04,20.16
2014,7,6,23.98,4.66,88.31,12.59
2014,7,7,22.74,3.0,87.43,38.38
2014,7,8,23.9,4.51,88.31,20.79
2014,7,9,24.21,3.55,91.4,53.69
2014,7,10,24.89,2.59,92.08,54.34
2014,7,11,25.08,1.86,90.73,32.56
2014,7,12,24.93,1.48,92.52,117.97
2014,7,13,24.76,1.87,93.42,94.65
2014,7,14,25.13,1.98,92.82,66.88
2014,7,15,24.8,1.51,92.73,40.43
2014,7,16,25.09,2.54,90.79,15.88
2014,7,17,24.79,2.55,91.2,10.22
2014,7,18,25.04,2.98,91.17,74.22
2014,7,19,24.94,2.5,91.32,63.06
2014,7,20,24.48,2.47,92.03,32.71
2014,7,21,24.61,2.17,92.64,28.01
2014,7,22,24.63,1.95,92.98,21.97
2014,7,23,24.28,2.03,92.69,46.13
2014,7,24,24.45,2.13,92.91,29.0
2014,7,25,24.72,3.41,91.24,26.71
2014,7,26,24.68,3.5,91.46,34.12
2014,7,27,24.86,3.12,91.69,33.97
2014,7,28,24.45,2.28,92.53,12.42
2014,7,29,24.63,2.61,91.19,9.6
2014,7,30,24.21,1.8,93.32,53.44
2014,7,31,24.7,1.79,94.26,114.94
2014,8,1,24.77,1.9,93.41,76.29
2014,8,2,24.59,1.8,93.37,48.03
2014,8,3,24.71,2.22,93.38,28.68
2014,8,4,24.22,2.15,93.36,50.41
2014,8,5,23.88,1.79,93.03,52.11
2014,8,6,24.22,2.33,92.7,79.63
2014,8,7,24.34,2.63,93.28,62.52
2014,8,8,24.28,2.65,92.58,38.67
2014,8,9,24.1,2.74,92.1,38.26
2014,8,10,24.11,2.57,91.6,29.24
2014,8,11,23.78,1.78,92.98,32.07
2014,8,12,23.69,2.72,91.52,21.95
2014,8,13,23.7,3.01,90.48,15.01
2014,8,14,23.58,2.73,92.56,8.25
2014,8,15,23.82,2.93,91.97,7.73
2014,8,16,23.8,2.34,91.58,15.16
2014,8,17,24.43,3.69,90.52,9.34
2014,8,18,23.92,2.75,91.72,28.29
2014,8,19,24.19,3.7,90.88,12.68
2014,8,20,25.07,5.41,89.29,5.72
2014,8,21,25.35,3.62,93.45,26.03
2014,8,22,25.53,3.16,94.31,23.35
2014,8,23,25.03,3.85,91.75,11.92
2014,8,24,24.25,2.53,92.68,45.24
2014,8,25,24.02,2.77,91.96,55.81
2014,8,26,23.88,2.24,91.82,19.82
2014,8,27,23.71,1.67,93.57,26.1
2014,8,28,23.56,1.68,92.42,69.04
2014,8,29,23.59,2.71,90.4,38.46
2014,8,30,23.39,2.25,89.75,68.63
2014,8,31,24.03,2.69,89.84,28.65
2014,9,1,24.24,2.03,91.77,29.94
2014,9,2,24.68,2.34,92.73,21.49
2014,9,3,24.49,3.52,91.46,35.14
2014,9,4,24.54,3.37,90.69,31.31
2014,9,5,23.84,1.68,92.7,11.56
2014,9,6,24.22,2.51,92.28,41.29
2014,9,7,24.09,2.96,91.64,10.39
2014,9,8,24.21,3.74,89.4,11.02
2014,9,9,24.28,4.09,88.34,4.28
2014,9,10,24.25,4.09,88.26,5.4
2014,9,11,24.28,4.57,87.47,1.92
2014,9,12,24.54,4.98,87.14,1.81
2014,9,13,24.49,3.84,89.87,4.57
2014,9,14,24.63,3.74,90.0,34.0
2014,9,15,24.3,3.19,90.37,10.96
2014,9,16,23.82,3.27,90.25,6.91
2014,9,17,24.19,4.15,88.58,2.47
2014,9,18,24.34,3.95,89.06,10.63
2014,9,19,24.35,4.31,88.38,3.26
2014,9,20,24.5,4.6,87.46,1.22
2014,9,21,24.7,5.35,85.63,0.03
2014,9,22,25.37,5.9,86.93,0.3
2014,9,23,25.37,4.68,90.19,2.31
2014,9,24,25.43,3.99,91.71,16.13
2014,9,25,25.79,4.79,90.59,13.99
2014,9,26,25.01,3.64,92.24,7.05
2014,9,27,25.6,5.1,87.3,0.46
2014,9,28,26.03,6.59,84.12,6.07
2014,9,29,25.8,5.88,84.33,5.65
2014,9,30,25.28,4.74,88.55,6.37
2014,10,1,25.18,6.09,88.02,2.07
2014,10,2,25.86,7.62,82.02,0.12
2014,10,3,25.85,6.25,84.38,4.74
2014,10,4,25.08,3.57,90.14,0.53
2014,10,5,25.29,3.67,90.58,5.1
2014,10,6,24.56,3.2,89.11,1.56
2014,10,7,25.02,5.34,83.7,5.57
2014,10,8,25.07,4.72,85.56,0.41
2014,10,9,25.42,4.83,87.67,0.71
2014,10,10,25.79,4.68,89.34,3.72
2014,10,11,25.79,2.64,92.76,5.27
2014,10,12,26.11,6.21,87.26,0.83
2014,10,13,25.6,5.86,83.32,0.01
2014,10,14,25.76,6.2,80.39,0.0
2014,10,15,25.97,6.18,81.85,1.15
2014,10,16,26.04,6.06,80.96,0.11
2014,10,17,25.91,6.55,78.77,4.92
2014,10,18,25.28,5.95,83.55,5.26
2014,10,19,25.62,7.2,80.09,3.19
2014,10,20,24.94,7.79,77.4,2.0
2014,10,21,24.89,7.17,76.0,0.34
2014,10,22,25.39,7.69,77.41,0.04
2014,10,23,25.04,5.33,82.13,15.03
2014,10,24,24.77,5.1,85.62,22.35
2014,10,25,23.69,2.37,91.17,51.41
2014,10,26,24.81,5.36,82.97,24.87
2014,10,27,25.06,6.64,81.87,4.25
2014,10,28,25.39,7.16,80.89,0.79
2014,10,29,24.95,8.84,77.87,0.0
2014,10,30,23.88,7.52,76.11,0.01
2014,10,31,23.79,10.2,72.84,0.0
2014,11,1,24.65,10.14,74.72,0.12
2014,11,2,25.31,6.7,76.36,3.1
2014,11,3,25.24,7.09,72.44,0.45
2014,11,4,25.09,7.21,72.09,0.0
2014,11,5,24.71,6.86,76.61,0.0
2014,11,6,24.94,8.08,70.71,0.0
2014,11,7,25.33,8.41,69.12,0.0
2014,11,8,25.25,8.13,68.88,0.0
2014,11,9,24.84,7.74,76.86,0.0
2014,11,10,25.36,7.06,73.81,0.0
2014,11,11,25.91,6.68,79.29,0.0
2014,11,12,25.58,6.95,76.23,0.24
2014,11,13,24.9,7.12,80.36,9.0
2014,11,14,24.15,3.57,84.78,7.49
2014,11,15,24.78,6.63,82.09,1.7
2014,11,16,23.77,8.71,76.91,0.0
2014,11,17,23.62,9.36,76.61,0.0
2014,11,18,23.48,9.19,76.96,0.0
2014,11,19,24.3,9.23,77.01,0.0
2014,11,20,23.1,7.77,79.34,0.0
2014,11,21,24.53,9.7,71.82,0.0
2014,11,22,24.71,8.61,71.21,0.0
2014,11,23,24.04,9.78,76.25,1.13
2014,11,24,23.08,9.33,74.27,0.01
2014,11,25,22.96,9.51,73.9,0.0
2014,11,26,22.35,9.9,74.01,0.0
2014,11,27,22.35,11.09,69.24,0.0
2014,11,28,21.8,10.77,68.59,0.0
2014,11,29,21.88,10.93,67.36,0.0
2014,11,30,22.62,8.83,66.1,0.0
2014,12,1,23.35,9.33,68.96,0.0
2014,12,2,24.18,10.52,73.36,0.0
2014,12,3,23.25,10.83,69.57,0.0
2014,12,4,22.62,11.87,67.28,0.0
2014,12,5,22.23,11.66,67.68,0.0
2014,12,6,23.02,10.92,68.45,0.0
2014,12,7,24.23,8.84,71.24,0.0
2014,12,8,25.18,8.54,75.98,0.45
2014,12,9,25.28,7.07,79.55,0.23
2014,12,10,25.11,6.49,80.82,3.02
2014,12,11,23.02,3.3,84.01,1.8
2014,12,12,23.69,5.57,82.07,4.53
2014,12,13,23.66,4.65,79.74,1.05
2014,12,14,24.27,5.07,78.16,0.92
2014,12,15,24.96,7.29,78.58,9.02
2014,12,16,24.73,8.56,76.16,1.85
2014,12,17,24.63,7.13,76.17,0.0
2014,12,18,24.97,7.81,75.42,0.0
2014,12,19,24.77,6.97,76.01,0.0
2014,12,20,24.35,6.6,74.43,0.0
2014,12,21,24.01,9.43,73.68,0.0
2014,12,22,23.36,9.59,63.08,0.0
2014,12,23,23.82,9.28,71.55,0.0
2014,12,24,23.63,10.35,72.06,0.0
2014,12,25,22.93,11.4,71.84,0.0
2014,12,26,20.98,10.14,70.27,0.0
2014,12,27,21.71,11.53,66.36,0.0
2014,12,28,23.55,11.25,69.55,0.0
2014,12,29,24.61,7.61,77.66,0.0
2014,12,30,24.43,7.21,82.96,0.0
2014,12,31,23.94,6.64,82.86,0.0
2013,1,1,25.52,9.25,78.23,0.0
2013,1,2,24.74,9.76,75.48,0.0
2013,1,3,24.5,9.22,78.86,0.0
2013,1,4,24.04,9.17,79.09,0.0
2013,1,5,24.2,9.3,77.07,0.0
2013,1,6,23.97,8.79,76.6,0.0
2013,1,7,24.19,9.39,75.31,0.0
2013,1,8,24.14,9.72,76.3,0.0
2013,1,9,24.04,10.3,70.3,0.0
2013,1,10,23.71,10.97,66.24,0.0
2013,1,11,23.58,11.48,64.38,0.0
2013,1,12,23.74,11.63,63.73,0.0
2013,1,13,22.92,12.86,56.87,0.0
2013,1,14,23.1,13.06,56.57,0.0
2013,1,15,23.29,12.61,55.46,0.0
2013,1,16,23.41,11.76,57.98,0.0
2013,1,17,23.65,10.69,62.94,0.0
2013,1,18,23.49,10.95,64.45,0.0
2013,1,19,23.56,11.67,66.97,0.0
2013,1,20,23.79,11.81,60.95,0.0
2013,1,21,23.82,11.47,59.44,0.0
2013,1,22,23.94,11.12,56.93,0.0
2013,1,23,23.86,11.1,61.05,0.0
2013,1,24,23.69,11.19,61.34,0.0
2013,1,25,23.65,12.04,55.69,0.0
2013,1,26,23.41,12.28,55.11,0.0
2013,1,27,24.0,12.78,59.58,0.0
2013,1,28,23.85,11.05,66.35,0.0
2013,1,29,24.28,10.83,62.6,0.0
2013,1,30,24.63,11.34,61.36,0.0
2013,1,31,24.58,10.97,66.09,0.0
2013,2,1,24.31,11.7,56.77,0.0
2013,2,2,23.68,13.07,57.27,0.0
2013,2,3,24.05,12.86,59.02,0.0
2013,2,4,24.65,10.96,66.78,0.0
2013,2,5,25.54,7.84,72.74,0.0
2013,2,6,25.74,7.33,73.45,0.0
2013,2,7,25.68,8.99,72.69,0.0
2013,2,8,25.21,9.11,69.31,0.0
2013,2,9,26.13,9.82,67.33,0.0
2013,2,10,26.83,10.31,58.61,0.0
2013,2,11,26.45,11.21,54.04,0.0
2013,2,12,27.2,11.5,52.96,0.0
2013,2,13,27.21,11.68,52.32,0.0
2013,2,14,26.73,9.0,66.83,1.44
2013,2,15,25.5,4.9,79.54,1.76
2013,2,16,24.98,6.57,79.09,16.88
2013,2,17,24.46,8.47,79.53,9.92
2013,2,18,25.03,10.21,69.17,0.04
2013,2,19,25.99,10.38,71.43,0.0
2013,2,20,26.04,10.75,68.94,0.0
2013,2,21,25.71,11.53,64.85,0.0
2013,2,22,25.84,13.09,62.98,0.0
2013,2,23,25.55,12.1,63.21,0.0
2013,2,24,25.84,13.0,56.75,0.0
2013,2,25,25.49,12.76,60.63,0.0
2013,2,26,25.95,13.02,59.19,0.0
2013,2,27,25.59,10.94,66.55,0.0
2013,2,28,26.3,12.93,54.03,0.0
2013,3,1,26.49,13.06,49.87,0.0
2013,3,2,27.1,14.64,48.42,0.0
2013,3,3,27.02,13.79,49.29,0.0
2013,3,4,27.32,14.43,46.61,0.0
2013,3,5,28.5,13.57,51.7,0.0
2013,3,6,28.6,11.25,59.67,0.69
2013,3,7,27.1,7.25,71.28,5.58
2013,3,8,26.87,8.15,72.64,0.52
2013,3,9,27.62,8.7,70.15,0.08
2013,3,10,27.85,9.12,67.6,0.05
2013,3,11,27.61,9.26,68.0,5.08
2013,3,12,27.23,9.74,66.07,0.05
2013,3,13,27.57,10.87,64.47,0.0
2013,3,14,27.47,9.43,62.59,0.0
2013,3,15,28.0,10.68,59.89,0.0
2013,3,16,27.7,9.6,66.52,0.0
2013,3,17,28.06,10.51,65.72,0.0
2013,3,18,27.9,9.91,64.84,0.09
2013,3,19,28.32,10.5,63.89,0.01
2013,3,20,28.35,10.49,60.07,0.0
2013,3,21,28.28,10.82,55.99,0.0
2013,3,22,27.64,10.87,59.74,0.0
2013,3,23,27.37,10.2,63.96,0.0
2013,3,24,28.43,12.04,59.24,0.0
2013,3,25,27.9,10.54,64.62,0.01
2013,3,26,28.03,9.59,66.25,0.0
2013,3,27,28.56,11.04,63.15,0.0
2013,3,28,28.29,10.22,64.43,0.0
2013,3,29,28.07,11.62,62.87,0.0
2013,3,30,27.93,11.85,59.54,0.0
2013,3,31,28.25,10.8,62.56,0.06
2013,4,1,28.18,9.74,64.01,0.0
2013,4,2,28.37,9.52,64.16,0.01
2013,4,3,28.87,10.59,63.46,0.35
2013,4,4,28.2,10.23,63.23,0.0
2013,4,5,28.38,11.03,62.37,0.07
2013,4,6,27.81,10.68,64.8,0.07
2013,4,7,28.16,12.67,61.68,0.0
2013,4,8,29.07,14.63,55.38,0.0
2013,4,9,28.23,9.94,64.34,0.0
2013,4,10,28.25,9.73,65.31,0.0
2013,4,11,28.93,11.53,63.09,0.0
2013,4,12,29.17,12.17,62.3,0.0
2013,4,13,29.23,11.01,64.99,0.0
2013,4,14,28.81,10.74,66.28,0.0
2013,4,15,27.98,9.82,66.49,0.05
2013,4,16,27.87,11.01,62.62,0.01
2013,4,17,27.39,11.16,63.14,0.0
2013,4,18,26.86,10.6,63.53,0.0
2013,4,19,26.94,11.05,63.72,0.0
2013,4,20,26.83,11.22,65.34,0.0
2013,4,21,27.47,11.75,61.12,0.0
2013,4,22,27.88,12.2,62.53,0.0
2013,4,23,28.5,11.02,63.74,0.16
2013,4,24,28.45,9.6,66.1,4.16
2013,4,25,28.45,8.24,69.74,0.49
2013,4,26,28.35,7.63,72.8,0.93
2013,4,27,28.13,6.3,73.48,0.27
2013,4,28,27.65,6.07,75.06,0.88
2013,4,29,27.16,6.06,70.38,0.09
2013,4,30,29.94,11.51,63.54,0.0
2013,5,1,28.77,7.91,69.24,0.0
2013,5,2,28.69,7.84,70.71,0.29
2013,5,3,28.41,6.8,72.1,0.07
2013,5,4,28.88,9.39,66.93,0.01
2013,5,5,28.8,8.69,68.06,0.13
2013,5,6,28.7,8.33,69.18,0.02
2013,5,7,27.47,4.42,77.11,0.0
2013,5,8,27.62,6.42,73.58,5.46
2013,5,9,27.68,6.69,77.49,1.26
2013,5,10,27.02,5.46,78.25,0.53
2013,5,11,27.27,6.73,75.86,0.19
2013,5,12,26.59,4.27,78.22,0.89
2013,5,13,27.73,7.94,71.11,0.07
2013,5,14,27.5,7.48,69.28,0.0
2013,5,15,27.41,7.81,66.19,0.0
2013,5,16,27.86,8.76,65.97,0.0
2013,5,17,28.19,7.94,67.39,0.14
2013,5,18,27.54,5.71,75.83,6.38
2013,5,19,28.03,6.79,77.54,1.59
2013,5,20,27.95,6.96,78.86,25.68
2013,5,21,26.74,4.86,79.38,1.89
2013,5,22,27.43,6.15,77.55,0.16
2013,5,23,27.55,6.36,75.68,0.02
2013,5,24,27.59,6.24,76.54,0.0
2013,5,25,26.87,4.76,81.7,2.63
2013,5,26,26.43,3.23,84.88,9.38
2013,5,27,26.0,3.56,83.57,8.55
2013,5,28,26.03,4.42,80.27,4.49
2013,5,29,25.84,3.9,80.48,1.36
2013,5,30,25.91,5.2,84.91,36.94
2013,5,31,25.13,4.36,84.72,45.04
2013,6,1,24.39,2.73,88.62,12.25
2013,6,2,24.43,2.79,88.81,40.87
2013,6,3,25.0,3.35,87.57,6.53
2013,6,4,25.93,4.64,83.04,1.24
2013,6,5,25.67,4.78,83.77,20.69
2013,6,6,25.92,3.91,88.03,28.78
2013,6,7,24.05,3.29,88.56,37.49
2013,6,8,24.37,3.53,87.06,80.79
2013,6,9,24.26,3.01,86.31,28.61
2013,6,10,25.05,2.96,90.4,70.38
2013,6,11,25.33,2.63,90.29,47.92
2013,6,12,25.57,2.59,89.81,39.61
2013,6,13,25.06,2.68,89.85,28.51
2013,6,14,25.1,2.51,89.9,16.12
2013,6,15,25.73,2.3,89.13,36.49
2013,6,16,25.71,2.4,88.95,40.73
2013,6,17,25.01,2.82,92.17,109.36
2013,6,18,24.59,2.49,91.57,55.49
2013,6,19,24.62,2.45,91.94,60.53
2013,6,20,24.6,2.45,91.57,10.3
2013,6,21,24.96,2.63,92.32,30.96
2013,6,22,24.3,1.52,91.71,50.2
2013,6,23,24.8,1.76,92.03,36.61
2013,6,24,25.13,1.79,91.76,50.97
2013,6,25,25.25,1.43,92.42,37.64
2013,6,26,25.41,2.43,91.34,42.74
2013,6,27,25.1,2.32,92.08,30.1
2013,6,28,24.76,2.61,91.65,31.16
2013,6,29,24.68,2.93,90.2,12.3
2013,6,30,24.05,3.09,91.41,19.19
2013,7,1,23.43,2.27,90.15,59.16
2013,7,2,24.04,1.96,93.13,88.61
2013,7,3,24.42,1.47,93.42,65.2
2013,7,4,24.61,2.38,91.99,51.38
2013,7,5,24.75,2.9,90.57,23.86
2013,7,6,24.23,2.01,91.02,49.16
2013,7,7,24.03,2.09,92.44,50.2
2013,7,8,24.14,2.82,91.96,37.45
2013,7,9,24.22,2.72,92.44,21.39
2013,7,10,23.83,1.92,91.94,25.64
2013,7,11,23.58,2.29,91.26,17.42
2013,7,12,23.72,1.79,92.52,46.65
2013,7,13,24.34,2.77,92.23,38.87
2013,7,14,24.16,2.46,92.43,21.88
2013,7,15,24.49,2.99,92.2,23.06
2013,7,16,24.44,2.58,92.08,25.85
2013,7,17,24.13,2.17,92.7,13.46
2013,7,18,23.95,2.03,92.26,32.91
2013,7,19,23.67,1.73,94.3,55.83
2013,7,20,23.64,2.2,92.56,51.39
2013,7,21,23.38,2.25,93.59,50.8
2013,7,22,23.7,2.03,93.38,35.42
2013,7,23,23.53,2.0,93.27,34.26
2013,7,24,23.8,2.06,92.44,62.37
2013,7,25,23.91,2.3,93.32,55.16
2013,7,26,23.16,1.86,92.02,57.38
2013,7,27,23.78,2.9,92.7,71.58
2013,7,28,23.59,2.74,92.08,57.2
2013,7,29,23.87,3.06,91.03,13.7
2013,7,30,24.25,2.6,92.47,14.25
2013,7,31,24.04,1.83,93.12,23.23
2013,8,1,24.42,2.18,92.37,44.14
2013,8,2,23.86,2.38,92.42,15.01
2013,8,3,23.83,2.18,93.21,29.36
2013,8,4,23.99,2.57,92.79,38.35
2013,8,5,23.49,1.7,94.23,75.21
2013,8,6,23.52,2.36,93.06,42.11
2013,8,7,23.95,3.36,90.66,19.31
2013,8,8,23.86,3.37,90.92,15.51
2013,8,9,23.88,3.36,90.89,10.11
2013,8,10,24.07,3.3,90.96,11.95
2013,8,11,24.11,3.49,90.81,8.98
2013,8,12,24.03,3.19,90.81,12.3
2013,8,13,23.93,2.92,91.77,30.72
2013,8,14,23.78,3.03,90.26,10.9
2013,8,15,23.84,2.91,92.21,40.85
2013,8,16,23.79,2.78,92.97,55.51
2013,8,17,24.08,2.82,91.52,29.56
2013,8,18,24.07,2.96,91.9,29.25
2013,8,19,24.21,3.47,91.61,14.37
2013,8,20,24.25,3.01,90.9,26.54
2013,8,21,24.13,3.47,89.81,16.41
2013,8,22,24.16,3.6,89.77,16.46
2013,8,23,24.23,3.74,89.23,11.41
2013,8,24,24.22,3.65,89.71,19.81
2013,8,25,24.05,3.58,90.82,16.36
2013,8,26,24.23,4.48,89.49,6.27
2013,8,27,24.24,4.61,89.42,9.13
2013,8,28,24.23,4.15,90.35,8.58
2013,8,29,24.41,4.82,89.58,0.91
2013,8,30,25.0,5.71,87.48,0.05
2013,8,31,25.01,5.61,88.22,3.01
2013,9,1,25.38,5.72,88.1,6.41
2013,9,2,24.58,3.86,91.22,6.43
2013,9,3,23.91,4.47,88.78,4.81
2013,9,4,22.89,3.66,87.97,2.35
2013,9,5,23.6,4.67,87.32,5.25
2013,9,6,23.72,4.02,89.87,15.84
2013,9,7,23.58,3.19,89.33,16.25
2013,9,8,23.53,3.62,88.96,6.25
2013,9,9,23.51,4.16,87.25,13.53
2013,9,10,22.85,2.49,90.53,25.58
2013,9,11,23.27,3.03,91.37,6.41
2013,9,12,24.19,4.08,92.02,20.53
2013,9,13,24.45,3.34,92.75,5.12
2013,9,14,24.39,2.11,94.5,34.11
2013,9,15,24.64,3.41,91.02,8.0
2013,9,16,24.32,3.83,90.92,2.96
2013,9,17,24.16,3.05,93.35,44.3
2013,9,18,24.02,2.53,90.3,31.08
2013,9,19,24.13,2.64,90.42,20.18
2013,9,20,23.6,2.96,93.07,43.5
2013,9,21,24.18,4.27,91.57,9.03
2013,9,22,23.92,4.32,89.45,4.02
2013,9,23,23.69,4.2,87.96,8.85
2013,9,24,24.29,4.16,87.96,11.33
2013,9,25,24.63,4.46,88.14,5.22
2013,9,26,24.43,4.96,88.55,0.78
2013,9,27,24.52,5.04,88.29,0.83
2013,9,28,24.28,4.93,85.54,0.58
2013,9,29,24.19,4.49,86.82,9.01
2013,9,30,24.38,3.88,89.02,12.15
2013,10,1,24.27,4.39,89.25,7.58
2013,10,2,23.95,4.1,88.55,1.08
2013,10,3,23.93,4.15,86.17,0.92
2013,10,4,23.97,4.54,85.13,5.72
2013,10,5,23.57,3.71,89.64,46.46
2013,10,6,24.53,4.83,88.94,8.58
2013,10,7,25.08,6.1,86.25,0.76
2013,10,8,24.88,4.21,88.42,12.56
2013,10,9,24.46,3.31,89.05,3.04
2013,10,10,24.49,4.44,86.01,0.6
2013,10,11,24.19,5.05,84.35,0.89
2013,10,12,24.32,4.62,87.95,13.72
2013,10,13,24.67,4.3,88.21,8.97
2013,10,14,24.91,4.8,87.04,0.31
2013,10,15,25.42,5.61,86.08,0.26
2013,10,16,25.14,3.7,90.33,7.6
2013,10,17,25.64,6.71,86.32,1.34
2013,10,18,25.77,7.3,84.64,4.98
2013,10,19,25.43,7.01,86.26,14.33
2013,10,20,24.88,6.88,80.73,1.09
2013,10,21,25.12,7.29,81.84,1.29
2013,10,22,25.42,6.0,83.85,7.54
2013,10,23,25.61,6.06,83.18,5.06
2013,10,24,24.55,4.08,87.5,15.78
2013,10,25,24.94,3.53,89.85,7.77
2013,10,26,24.63,3.93,88.15,16.97
2013,10,27,24.44,4.69,85.79,2.15
2013,10,28,24.28,4.54,84.52,2.26
2013,10,29,24.89,5.07,85.16,0.42
2013,10,30,24.56,4.0,85.79,0.08
2013,10,31,25.54,6.66,79.03,0.0
2013,11,1,26.0,6.5,80.99,0.06
2013,11,2,26.29,6.41,81.01,26.24
2013,11,3,25.64,5.71,83.83,9.28
2013,11,4,25.56,5.86,80.32,0.17
2013,11,5,24.96,6.61,77.29,0.0
2013,11,6,25.48,8.01,77.09,0.0
2013,11,7,25.31,7.77,76.76,0.07
2013,11,8,24.88,8.96,75.09,0.0
2013,11,9,24.14,8.78,69.65,0.0
2013,11,10,23.73,9.03,73.93,0.0
2013,11,11,24.69,9.09,74.0,0.0
2013,11,12,24.64,8.03,78.52,0.01
2013,11,13,24.73,7.0,77.57,5.47
2013,11,14,24.33,7.81,78.43,0.37
2013,11,15,22.41,10.22,72.22,0.0
2013,11,16,23.85,10.81,76.63,0.06
2013,11,17,24.52,6.23,81.79,0.23
2013,11,18,25.02,7.06,77.12,0.09
2013,11,19,25.33,7.07,74.4,0.0
2013,11,20,24.9,10.24,73.8,0.0
2013,11,21,24.12,10.2,69.4,0.0
2013,11,22,24.53,9.63,72.51,0.0
2013,11,23,25.2,8.25,75.89,1.16
2013,11,24,25.13,5.2,81.45,0.07
2013,11,25,24.95,5.31,82.76,0.12
2013,11,26,25.54,6.74,81.8,13.71
2013,11,27,24.78,6.54,82.19,1.78
2013,11,28,23.61,6.0,72.03,0.0
2013,11,29,24.3,8.09,74.81,0.0
2013,11,30,24.61,7.22,81.54,0.09
2013,12,1,25.53,8.18,79.2,2.54
2013,12,2,25.05,6.41,78.73,0.61
2013,12,3,25.11,6.83,73.45,0.0
2013,12,4,24.14,8.47,71.62,0.0
2013,12,5,23.26,10.21,71.82,0.0
2013,12,6,23.15,9.78,64.88,0.0
2013,12,7,22.34,9.67,70.67,0.0
2013,12,8,23.91,10.92,74.28,0.0
2013,12,9,23.48,11.35,67.25,0.0
2013,12,10,22.68,11.76,52.56,0.0
2013,12,11,21.77,13.44,61.19,0.0
2013,12,12,22.58,13.88,73.11,0.03
2013,12,13,24.55,8.66,76.83,0.01
2013,12,14,25.18,8.59,77.69,0.0
2013,12,15,23.67,13.19,69.69,0.0
2013,12,16,21.12,12.55,64.73,0.0
2013,12,17,21.37,11.87,62.25,0.0
2013,12,18,22.37,10.73,60.74,0.0
2013,12,19,22.81,9.65,64.86,0.0
2013,12,20,22.81,10.33,62.97,0.0
2013,12,21,22.84,9.88,70.88,0.0
2013,12,22,22.87,10.23,73.41,0.0
2013,12,23,22.25,10.09,71.87,0.0
2013,12,24,22.81,9.71,66.4,0.0
2013,12,25,23.43,9.43,70.26,0.0
2013,12,26,23.28,9.71,70.13,0.0
2013,12,27,22.96,8.97,68.66,0.0
2013,12,28,22.86,8.63,76.85,0.0
2013,12,29,23.33,8.22,72.74,0.0
2013,12,30,22.97,10.07,70.09,0.0
2013,12,31,22.66,10.33,72.82,0.0
2012,1,1,24.27,8.16,75.7,0.0
2012,1,2,24.1,8.56,76.36,0.0
2012,1,3,24.65,8.52,80.5,0.0
2012,1,4,24.75,9.2,79.34,0.0
2012,1,5,24.91,9.81,76.15,0.0
2012,1,6,24.82,10.42,73.32,0.0
2012,1,7,24.13,11.57,70.88,0.0
2012,1,8,23.59,11.28,69.56,0.0
2012,1,9,22.82,11.32,64.41,0.0
2012,1,10,22.44,10.5,58.9,0.0
2012,1,11,23.32,11.93,63.78,0.0
2012,1,12,23.96,9.55,67.68,0.0
2012,1,13,24.32,9.63,68.04,0.0
2012,1,14,22.66,12.37,59.26,0.0
2012,1,15,21.38,13.44,54.15,0.0
2012,1,16,21.66,13.64,52.64,0.0
2012,1,17,22.22,13.87,56.03,0.0
2012,1,18,22.26,10.9,69.79,0.0
2012,1,19,22.57,9.71,72.04,0.0
2012,1,20,22.58,10.28,70.63,0.0
2012,1,21,23.11,11.24,66.74,0.0
2012,1,22,23.44,9.93,72.72,0.0
2012,1,23,23.76,10.67,65.78,0.0
2012,1,24,23.38,10.56,68.34,0.0
2012,1,25,23.17,10.67,66.02,0.0
2012,1,26,22.92,11.45,64.89,0.0
2012,1,27,22.95,11.96,65.81,0.0
2012,1,28,23.2,9.84,72.97,0.0
2012,1,29,23.14,8.77,73.55,0.0
2012,1,30,23.86,9.12,67.96,0.0
2012,1,31,23.54,11.83,57.39,0.0
2012,2,1,23.6,12.17,55.86,0.0
2012,2,2,24.01,11.21,57.12,0.0
2012,2,3,24.2,11.63,54.79,0.0
2012,2,4,24.21,11.05,65.01,0.0
2012,2,5,24.69,11.49,65.77,0.0
2012,2,6,24.79,11.03,67.36,0.0
2012,2,7,24.91,10.3,65.61,0.0
2012,2,8,25.16,10.45,63.14,0.0
2012,2,9,25.7,11.66,57.55,0.0
2012,2,10,25.58,10.84,61.29,0.04
2012,2,11,25.87,8.84,66.96,0.0
2012,2,12,25.81,9.03,66.06,0.0
2012,2,13,25.6,10.34,66.25,0.0
2012,2,14,25.14,10.39,66.99,0.0
2012,2,15,25.15,11.91,64.26,0.0
2012,2,16,24.71,11.95,59.12,0.0
2012,2,17,25.67,12.51,56.71,0.0
2012,2,18,26.23,12.44,57.93,0.0
2012,2,19,25.62,15.2,46.94,0.0
2012,2,20,26.2,15.02,52.72,0.0
2012,2,21,26.4,13.47,57.33,0.0
2012,2,22,26.85,13.72,54.57,0.0
2012,2,23,26.09,14.65,50.79,0.0
2012,2,24,26.03,14.3,53.06,0.0
2012,2,25,26.92,14.45,47.29,0.0
2012,2,26,26.83,15.38,44.83,0.0
2012,2,27,27.29,15.71,48.43,0.0
2012,2,28,26.13,12.87,63.77,0.0
2012,2,29,26.23,11.57,65.09,0.0
2012,3,1,26.56,14.91,55.55,0.0
2012,3,2,25.63,14.64,55.65,0.0
2012,3,3,24.24,12.26,65.87,0.0
2012,3,4,25.86,15.11,62.14,0.0
2012,3,5,26.94,14.39,64.43,0.0
2012,3,6,26.59,9.78,70.15,0.0
2012,3,7,26.29,11.2,65.62,0.0
2012,3,8,24.91,11.54,65.31,0.0
2012,3,9,25.01,12.76,58.48,0.0
2012,3,10,25.84,14.2,59.15,0.0
2012,3,11,26.27,12.38,63.31,0.0
2012,3,12,27.1,12.56,58.38,0.0
2012,3,13,28.95,13.32,57.05,0.0
2012,3,14,28.93,10.79,61.02,0.0
2012,3,15,28.5,10.84,65.5,0.0
2012,3,16,27.86,10.0,67.92,0.0
2012,3,17,28.65,12.25,60.38,0.0
2012,3,18,28.02,11.36,64.93,0.0
2012,3,19,27.7,10.04,66.51,0.0
2012,3,20,27.94,10.93,65.85,0.0
2012,3,21,27.72,10.16,68.35,0.0
2012,3,22,28.12,10.89,66.65,0.0
2012,3,23,28.36,11.33,66.61,0.0
2012,3,24,28.36,12.47,63.1,0.0
2012,3,25,28.22,11.84,64.0,0.0
2012,3,26,27.95,13.43,60.72,0.0
2012,3,27,27.77,13.42,59.76,0.0
2012,3,28,28.0,13.05,61.58,0.0
2012,3,29,28.11,11.16,64.14,0.0
2012,3,30,27.24,9.77,68.35,0.0
2012,3,31,28.21,12.38,62.7,0.0
2012,4,1,28.78,11.14,62.61,0.23
2012,4,2,28.33,10.37,66.2,0.01
2012,4,3,28.3,10.22,65.33,0.0
2012,4,4,28.62,10.78,64.71,0.09
2012,4,5,28.49,10.26,65.35,0.06
2012,4,6,28.09,9.53,67.8,1.78
2012,4,7,28.74,11.27,64.32,0.58
2012,4,8,28.92,11.15,62.9,0.01
2012,4,9,28.27,8.84,63.18,0.0
2012,4,10,28.14,9.9,65.09,6.19
2012,4,11,27.58,8.9,69.95,7.39
2012,4,12,27.37,8.06,72.47,3.07
2012,4,13,27.99,9.08,70.12,0.23
2012,4,14,28.62,9.44,68.01,0.02
2012,4,15,28.76,10.16,65.88,0.0
2012,4,16,28.39,9.25,67.85,0.05
2012,4,17,27.42,7.18,72.09,0.98
2012,4,18,26.73,6.26,79.5,8.93
2012,4,19,26.55,6.56,74.13,0.62
2012,4,20,27.99,8.75,72.98,17.55
2012,4,21,26.93,5.78,80.45,1.21
2012,4,22,27.54,7.12,77.8,0.0
2012,4,23,26.34,4.9,78.56,1.62
2012,4,24,27.42,9.08,70.37,1.44
2012,4,25,27.07,7.69,79.23,6.58
2012,4,26,26.29,6.12,80.1,9.13
2012,4,27,26.57,6.27,81.15,9.43
2012,4,28,26.58,6.8,75.77,2.15
2012,4,29,27.26,7.32,74.7,0.3
2012,4,30,27.14,7.52,71.34,0.09
2012,5,1,27.31,8.1,73.12,0.05
2012,5,2,27.28,7.48,73.9,0.01
2012,5,3,27.42,8.72,71.48,0.01
2012,5,4,26.75,7.98,71.16,0.0
2012,5,5,26.42,8.67,71.74,0.0
2012,5,6,26.36,8.48,73.06,0.0
2012,5,7,27.44,10.93,69.07,0.0
2012,5,8,27.58,9.18,71.67,0.14
2012,5,9,27.39,7.59,74.88,0.17
2012,5,10,26.88,5.57,77.53,0.3
2012,5,11,26.77,5.77,79.98,1.45
2012,5,12,25.68,2.81,85.45,1.91
2012,5,13,27.33,8.02,74.45,0.25
2012,5,14,27.5,7.63,74.28,0.22
2012,5,15,27.49,7.16,74.93,0.11
2012,5,16,27.85,7.49,72.72,0.14
2012,5,17,28.03,7.67,71.22,0.02
2012,5,18,28.81,9.29,69.04,0.0
2012,5,19,27.83,6.51,73.78,0.0
2012,5,20,28.29,8.79,69.86,0.0
2012,5,21,27.44,6.46,73.85,0.06
2012,5,22,27.4,6.33,73.19,0.01
2012,5,23,27.67,6.39,72.45,0.0
2012,5,24,27.84,7.2,71.7,0.0
2012,5,25,27.84,7.26,69.54,0.0
2012,5,26,28.3,7.85,68.57,0.85
2012,5,27,27.59,6.5,73.8,0.21
2012,5,28,28.01,7.41,70.1,0.0
2012,5,29,27.63,6.2,72.35,0.01
2012,5,30,27.32,5.75,73.59,0.0
2012,5,31,27.14,5.97,74.2,0.81
2012,6,1,27.67,7.43,72.72,0.16
2012,6,2,27.82,7.38,74.3,5.77
2012,6,3,27.13,5.22,80.34,10.4
2012,6,4,25.9,5.8,83.16,34.19
2012,6,5,25.72,4.32,83.01,30.91
2012,6,6,25.99,4.62,81.02,28.84
2012,6,7,25.43,4.68,78.84,11.78
2012,6,8,26.06,5.56,80.74,18.64
2012,6,9,26.09,4.48,85.48,8.71
2012,6,10,26.05,5.24,82.74,1.99
2012,6,11,25.98,4.29,84.4,28.12
2012,6,12,25.25,4.41,84.13,66.85
2012,6,13,25.42,5.16,78.6,18.14
2012,6,14,24.82,5.59,81.66,9.25
2012,6,15,25.65,6.23,84.47,3.34
2012,6,16,24.9,3.23,86.7,23.22
2012,6,17,24.06,2.06,90.56,95.43
2012,6,18,24.83,2.43,93.28,86.82
2012,6,19,24.91,2.1,92.09,34.98
2012,6,20,25.22,2.85,88.95,27.39
2012,6,21,25.09,3.8,88.36,23.2
2012,6,22,24.85,3.5,88.73,11.18
2012,6,23,25.23,3.69,88.0,12.22
2012,6,24,25.37,3.92,87.46,33.47
2012,6,25,25.53,3.98,88.56,8.82
2012,6,26,24.72,4.03,87.3,32.52
2012,6,27,24.06,3.43,87.52,26.11
2012,6,28,23.95,3.75,87.15,33.73
2012,6,29,23.85,2.78,90.17,62.0
2012,6,30,23.64,3.09,90.12,18.8
2012,7,1,23.76,2.52,90.46,52.39
2012,7,2,24.41,1.64,93.3,60.17
2012,7,3,24.51,2.95,91.4,17.42
2012,7,4,24.26,3.95,88.85,11.67
2012,7,5,24.85,4.34,89.37,4.04
2012,7,6,25.14,3.66,88.82,5.68
2012,7,7,25.01,3.27,89.74,17.76
2012,7,8,25.42,3.84,89.49,22.44
2012,7,9,25.39,2.73,91.75,45.1
2012,7,10,24.11,3.83,90.86,44.9
2012,7,11,24.02,3.0,91.54,19.6
2012,7,12,24.18,2.69,90.5,16.52
2012,7,13,24.91,4.2,88.92,12.56
2012,7,14,24.62,2.56,90.47,18.29
2012,7,15,24.79,2.9,89.56,27.13
2012,7,16,24.64,3.88,89.14,12.36
2012,7,17,24.18,3.62,88.01,12.8
2012,7,18,24.0,3.15,90.07,11.46
2012,7,19,24.8,3.27,90.02,7.17
2012,7,20,24.78,2.0,91.34,10.98
2012,7,21,24.71,2.08,91.04,28.98
2012,7,22,24.68,2.37,91.49,22.69
2012,7,23,24.64,2.81,90.85,21.94
2012,7,24,24.66,3.54,90.09,13.17
2012,7,25,24.95,3.16,91.3,19.01
2012,7,26,24.7,2.47,91.63,22.51
2012,7,27,24.42,2.82,91.8,8.32
2012,7,28,24.55,3.02,90.83,11.61
2012,7,29,24.66,3.38,89.35,5.44
2012,7,30,24.57,3.43,88.77,4.36
2012,7,31,24.62,3.77,87.21,14.01
2012,8,1,24.64,3.98,86.41,5.83
2012,8,2,24.66,3.84,87.64,9.48
2012,8,3,24.53,3.03,89.76,16.55
2012,8,4,24.07,2.57,91.27,7.68
2012,8,5,24.25,3.09,90.93,22.17
2012,8,6,24.17,3.11,90.38,41.25
2012,8,7,24.25,2.38,90.35,47.25
2012,8,8,24.32,2.39,90.96,49.61
2012,8,9,23.92,2.02,91.68,71.82
2012,8,10,24.38,1.74,93.07,92.21
2012,8,11,24.16,1.54,92.77,77.86
2012,8,12,24.06,2.98,91.36,48.56
2012,8,13,23.51,3.06,91.06,7.81
2012,8,14,24.38,4.55,88.96,8.23
2012,8,15,24.42,3.6,90.24,4.72
2012,8,16,24.57,3.53,89.99,20.59
2012,8,17,24.61,3.31,90.2,43.29
2012,8,18,24.28,2.37,90.52,29.96
2012,8,19,23.99,3.15,90.01,4.69
2012,8,20,24.47,4.51,88.82,5.99
2012,8,21,24.49,3.83,89.08,1.84
2012,8,22,24.35,4.31,89.51,4.34
2012,8,23,24.76,5.55,84.0,13.79
2012,8,24,25.39,5.49,85.1,7.38
2012,8,25,24.03,2.84,92.12,91.51
2012,8,26,23.78,2.0,91.08,71.45
2012,8,27,24.31,2.56,90.78,43.95
2012,8,28,24.66,2.89,90.4,55.14
2012,8,29,24.11,1.47,93.57,42.15
2012,8,30,24.12,2.36,92.52,60.75
2012,8,31,23.5,2.04,92.26,40.67
2012,9,1,23.83,2.51,91.84,31.23
2012,9,2,24.82,3.36,91.09,28.35
2012,9,3,24.37,1.93,93.5,60.35
2012,9,4,24.35,1.64,92.96,36.91
2012,9,5,24.28,2.36,91.99,11.46
2012,9,6,24.56,3.2,91.48,15.07
2012,9,7,24.42,3.28,91.68,13.71
2012,9,8,24.46,3.45,91.95,8.99
2012,9,9,24.27,3.24,92.19,11.47
2012,9,10,23.69,1.88,93.76,14.74
2012,9,11,23.59,3.34,91.53,10.96
2012,9,12,24.06,3.21,92.27,14.56
2012,9,13,24.39,3.86,89.61,6.6
2012,9,14,24.57,4.14,89.82,11.0
2012,9,15,24.58,3.82,89.08,7.04
2012,9,16,24.68,3.99,88.52,6.89
2012,9,17,24.64,4.47,87.94,11.3
2012,9,18,24.51,4.49,87.05,32.4
2012,9,19,24.58,5.59,84.93,1.83
2012,9,20,24.48,5.49,84.22,0.0
2012,9,21,24.5,5.78,83.21,0.0
2012,9,22,23.83,5.04,85.34,0.0
2012,9,23,24.11,6.29,83.97,0.0
2012,9,24,23.7,5.34,85.67,0.01
2012,9,25,24.27,6.1,85.54,0.0
2012,9,26,24.83,6.17,85.45,0.0
2012,9,27,24.92,4.73,86.11,0.21
2012,9,28,24.82,4.24,87.7,1.6
2012,9,29,24.71,4.55,87.06,1.36
2012,9,30,24.22,3.22,89.59,25.22
2012,10,1,24.49,4.12,88.7,9.89
2012,10,2,23.94,2.62,92.46,40.52
2012,10,3,24.32,4.09,87.56,19.35
2012,10,4,24.28,3.96,88.57,18.46
2012,10,5,24.81,5.14,87.25,2.2
2012,10,6,25.17,5.32,85.39,0.09
2012,10,7,25.08,5.16,86.54,0.0
2012,10,8,25.4,6.38,83.78,6.34
2012,10,9,25.18,5.12,86.45,6.46
2012,10,10,25.38,6.82,82.75,0.76
2012,10,11,25.02,8.6,76.38,0.05
2012,10,12,25.14,10.06,75.71,0.02
2012,10,13,24.87,7.48,81.17,0.02
2012,10,14,25.57,5.65,78.38,12.56
2012,10,15,25.0,5.47,83.41,2.85
2012,10,16,24.93,7.17,78.74,0.05
2012,10,17,25.11,8.36,76.0,0.0
2012,10,18,25.26,8.37,71.24,0.0
2012,10,19,26.11,7.28,77.06,1.51
2012,10,20,25.2,7.75,79.7,7.85
2012,10,21,23.85,5.33,86.51,7.08
2012,10,22,25.38,6.23,85.92,10.6
2012,10,23,25.42,6.6,79.33,0.16
2012,10,24,25.96,5.66,77.65,0.0
2012,10,25,25.53,5.5,82.8,0.0
2012,10,26,25.41,5.74,81.9,0.1
2012,10,27,25.32,7.95,74.69,0.01
2012,10,28,24.69,7.92,73.09,0.0
2012,10,29,25.24,8.41,75.59,0.03
2012,10,30,25.04,6.13,76.02,0.0
2012,10,31,25.05,6.57,78.08,15.39
2012,11,1,23.35,1.47,93.31,34.78
2012,11,2,23.4,2.23,89.28,22.49
2012,11,3,24.06,4.36,85.65,10.21
2012,11,4,24.54,4.82,87.52,8.46
2012,11,5,24.12,2.97,91.47,4.13
2012,11,6,25.09,5.8,84.3,2.56
2012,11,7,25.33,5.33,85.97,0.14
2012,11,8,25.64,4.98,85.1,0.46
2012,11,9,23.97,4.36,86.96,0.03
2012,11,10,25.27,7.25,80.03,5.01
2012,11,11,25.39,7.2,79.95,0.62
2012,11,12,24.85,6.38,81.65,12.12
2012,11,13,24.19,9.78,78.06,0.57
2012,11,14,22.03,10.68,72.3,0.0
2012,11,15,21.76,10.4,67.64,0.0
2012,11,16,22.54,10.14,65.19,0.0
2012,11,17,22.87,10.35,61.61,0.0
2012,11,18,22.72,9.9,58.74,0.0
2012,11,19,23.2,10.65,62.28,0.0
2012,11,20,23.95,9.79,67.91,0.0
2012,11,21,24.34,8.03,76.96,0.0
2012,11,22,25.41,8.05,78.66,0.0
2012,11,23,25.52,7.42,84.29,0.0
2012,11,24,25.48,7.36,82.1,2.93
2012,11,25,25.26,8.75,78.65,0.15
2012,11,26,24.97,9.18,76.67,0.0
2012,11,27,24.32,9.32,74.5,0.0
2012,11,28,23.39,10.66,71.92,0.0
2012,11,29,23.26,10.49,68.81,0.0
2012,11,30,23.85,9.24,73.51,0.0
2012,12,1,23.75,8.73,74.31,0.0
2012,12,2,23.16,10.01,72.52,0.0
2012,12,3,24.26,10.63,73.19,0.2
2012,12,4,25.22,6.38,80.3,1.64
2012,12,5,26.04,6.74,78.62,0.02
2012,12,6,25.77,8.71,75.1,0.0
2012,12,7,24.68,7.57,71.66,0.0
2012,12,8,24.64,7.9,74.66,0.0
2012,12,9,24.14,9.15,78.33,0.0
2012,12,10,24.11,9.65,77.01,0.0
2012,12,11,24.13,9.52,79.26,0.0
2012,12,12,23.94,9.27,79.03,0.0
2012,12,13,23.47,8.42,80.26,0.0
2012,12,14,24.16,9.43,75.28,0.0
2012,12,15,22.7,9.81,67.63,0.0
2012,12,16,22.27,10.06,69.02,0.0
2012,12,17,22.93,9.82,71.36,0.0
2012,12,18,23.09,9.04,68.34,0.0
2012,12,19,22.93,9.3,68.15,0.0
2012,12,20,24.58,10.49,70.67,0.0
2012,12,21,24.46,9.76,68.6,0.0
2012,12,22,22.22,9.69,68.17,0.0
2012,12,23,23.39,11.44,71.02,0.0
2012,12,24,23.71,10.16,73.18,0.0
2012,12,25,23.45,10.2,72.24,0.0
2012,12,26,23.78,9.4,70.19,0.0
2012,12,27,23.54,9.61,70.56,0.0
2012,12,28,24.43,10.41,75.77,0.0
2012,12,29,26.02,8.96,76.22,0.02
2012,12,30,25.38,5.3,82.31,0.0
2012,12,31,25.44,6.51,83.07,0.0
2011,1,1,23.08,7.48,80.23,0.0
2011,1,2,23.17,7.61,81.76,0.0
2011,1,3,24.13,6.96,78.39,0.0
2011,1,4,24.33,7.8,75.72,0.0
2011,1,5,24.14,8.03,76.81,0.0
2011,1,6,23.5,9.49,73.66,0.0
2011,1,7,23.2,9.77,73.99,0.0
2011,1,8,23.34,10.57,74.79,0.0
2011,1,9,23.77,10.34,72.35,0.0
2011,1,10,22.93,12.52,66.65,0.0
2011,1,11,21.44,12.86,63.42,0.0
2011,1,12,21.56,12.48,58.31,0.0
2011,1,13,22.09,12.12,60.54,0.0
2011,1,14,21.94,11.7,64.0,0.0
2011,1,15,21.89,12.02,67.76,0.0
2011,1,16,22.9,12.61,66.86,0.0
2011,1,17,22.91,11.51,71.11,0.0
2011,1,18,23.07,11.78,65.26,0.0
2011,1,19,22.93,11.88,69.29,0.0
2011,1,20,23.27,12.79,63.72,0.0
2011,1,21,22.46,12.58,67.81,0.0
2011,1,22,22.91,12.16,68.24,0.0
2011,1,23,22.93,11.01,68.45,0.0
2011,1,24,22.18,11.07,70.33,0.0
2011,1,25,22.23,11.45,66.63,0.0
2011,1,26,22.9,11.63,68.45,0.0
2011,1,27,22.8,11.3,66.12,0.0
2011,1,28,22.69,12.11,62.37,0.0
2011,1,29,22.97,12.72,65.73,0.0
2011,1,30,22.68,12.22,65.36,0.0
2011,1,31,22.09,12.05,62.75,0.0
2011,2,1,22.06,11.5,61.39,0.0
2011,2,2,22.32,11.17,63.42,0.0
2011,2,3,23.1,12.01,63.01,0.0
2011,2,4,22.91,11.6,63.4,0.0
2011,2,5,23.13,13.13,61.0,0.0
2011,2,6,23.15,12.48,58.31,0.0
2011,2,7,23.52,12.38,56.32,0.0
2011,2,8,23.52,12.87,57.27,0.0
2011,2,9,23.56,12.83,56.92,0.0
2011,2,10,23.49,12.63,57.34,0.0
2011,2,11,23.42,12.25,55.49,0.0
2011,2,12,23.2,13.04,57.71,0.0
2011,2,13,23.56,13.52,55.8,0.0
2011,2,14,23.78,11.51,66.9,0.0
2011,2,15,23.67,7.13,75.01,0.0
2011,2,16,23.65,8.67,75.09,0.0
2011,2,17,23.94,9.23,75.08,0.0
2011,2,18,23.27,10.1,74.65,0.0
2011,2,19,23.03,10.42,71.02,0.0
2011,2,20,23.2,10.42,71.41,0.0
2011,2,21,24.24,11.35,70.95,0.0
2011,2,22,25.97,9.78,67.85,0.0
2011,2,23,25.86,9.16,72.33,0.03
2011,2,24,25.2,9.12,74.46,1.15
2011,2,25,24.46,10.5,72.11,0.05
2011,2,26,24.29,10.8,69.87,0.0
2011,2,27,25.89,11.6,64.76,0.01
2011,2,28,25.75,11.95,58.27,0.0
2011,3,1,25.59,12.28,61.35,0.0
2011,3,2,26.09,11.7,59.18,0.0
2011,3,3,26.03,12.59,63.41,0.0
2011,3,4,26.06,12.87,60.53,0.0
2011,3,5,26.01,13.51,58.79,0.0
2011,3,6,26.3,13.64,53.82,0.0
2011,3,7,26.84,14.13,53.88,0.0
2011,3,8,26.77,12.7,64.13,0.0
2011,3,9,26.54,10.39,67.87,0.0
2011,3,10,26.73,11.64,65.17,0.0
2011,3,11,26.37,11.03,62.43,0.0
2011,3,12,27.08,12.14,60.83,0.0
2011,3,13,27.24,12.32,60.11,0.0
2011,3,14,26.9,12.23,61.53,0.0
2011,3,15,27.47,12.17,59.67,0.0
2011,3,16,27.51,12.06,58.31,0.0
2011,3,17,27.3,13.25,53.0,0.0
2011,3,18,26.72,13.77,51.34,0.0
2011,3,19,26.49,11.76,67.59,0.0
2011,3,20,27.36,10.52,67.36,0.02
2011,3,21,26.94,9.13,70.26,0.01
2011,3,22,27.31,10.78,66.46,0.0
2011,3,23,27.65,11.02,62.89,0.08
2011,3,24,27.11,10.79,61.57,0.01
2011,3,25,27.32,11.76,62.02,0.01
2011,3,26,27.5,10.55,66.13,0.01
2011,3,27,27.87,10.38,68.3,0.0
2011,3,28,28.2,10.0,67.74,0.0
2011,3,29,28.41,10.17,66.03,0.0
2011,3,30,28.56,10.19,65.3,0.0
2011,3,31,28.34,9.48,67.11,0.0
2011,4,1,27.48,9.01,66.75,0.0
2011,4,2,27.7,12.13,58.71,0.0
2011,4,3,26.7,11.19,62.62,0.0
2011,4,4,26.56,11.29,60.5,0.0
2011,4,5,26.57,11.46,58.11,0.0
2011,4,6,27.32,11.82,58.43,0.0
2011,4,7,27.96,11.51,60.37,0.0
2011,4,8,27.94,10.79,63.33,0.0
2011,4,9,28.29,10.22,66.32,0.0
2011,4,10,27.71,8.39,71.72,12.08
2011,4,11,27.89,9.38,71.3,1.3
2011,4,12,28.28,9.84,67.5,0.0
2011,4,13,28.18,9.44,68.73,0.02
2011,4,14,27.08,7.19,74.23,6.53
2011,4,15,25.85,4.75,81.87,16.36
2011,4,16,26.62,6.24,78.31,1.64
2011,4,17,26.53,5.0,79.49,0.06
2011,4,18,26.96,6.45,78.08,0.59
2011,4,19,25.7,4.43,82.5,9.05
2011,4,20,26.11,5.29,79.36,16.24
2011,4,21,25.64,3.94,84.02,11.16
2011,4,22,26.83,6.55,78.56,2.31
2011,4,23,25.47,4.27,79.71,3.86
2011,4,24,25.85,5.05,82.43,0.32
2011,4,25,27.51,8.72,75.5,1.84
2011,4,26,27.59,7.83,76.27,1.14
2011,4,27,27.93,8.02,75.71,0.18
2011,4,28,26.65,5.97,79.75,0.66
2011,4,29,27.04,6.62,76.93,0.04
2011,4,30,27.29,6.08,78.23,0.07
2011,5,1,27.02,5.34,81.43,0.49
2011,5,2,27.33,5.94,79.3,0.42
2011,5,3,26.98,5.29,80.58,0.08
2011,5,4,27.27,6.74,77.58,0.0
2011,5,5,28.08,9.13,72.19,0.0
2011,5,6,27.6,8.47,70.54,0.0
2011,5,7,26.76,8.11,72.49,0.0
2011,5,8,26.64,8.18,71.65,0.0
2011,5,9,27.25,8.42,69.29,0.0
2011,5,10,27.41,7.77,70.37,0.02
2011,5,11,27.3,7.29,73.82,0.22
2011,5,12,27.35,7.27,72.28,0.03
2011,5,13,27.81,7.72,70.58,0.01
2011,5,14,27.42,7.46,70.2,0.76
2011,5,15,27.9,8.47,70.13,0.14
2011,5,16,28.78,9.06,68.17,0.19
2011,5,17,26.57,5.37,79.08,16.43
2011,5,18,27.88,9.44,69.68,2.0
2011,5,19,27.01,6.98,75.15,1.58
2011,5,20,26.78,7.22,74.5,0.04
2011,5,21,27.06,6.8,75.77,0.15
2011,5,22,27.39,6.65,75.02,0.07
2011,5,23,27.31,5.63,75.39,0.0
2011,5,24,27.33,5.18,80.06,0.13
2011,5,25,27.44,6.51,74.21,1.89
2011,5,26,27.2,5.83,79.57,3.1
2011,5,27,26.12,4.46,83.34,13.12
2011,5,28,26.71,5.75,78.18,4.08
2011,5,29,27.22,5.82,79.94,5.95
2011,5,30,25.49,4.37,82.9,11.15
2011,5,31,25.77,3.72,85.46,27.04
2011,6,1,25.46,4.89,87.59,8.9
2011,6,2,24.82,3.57,87.48,68.7
2011,6,3,25.35,4.05,85.28,26.22
2011,6,4,25.94,4.05,83.17,28.59
2011,6,5,26.45,4.23,84.72,43.53
2011,6,6,25.59,3.27,90.72,66.23
2011,6,7,25.23,3.41,84.92,33.83
2011,6,8,25.64,3.07,87.04,8.55
2011,6,9,26.2,3.3,87.22,30.18
2011,6,10,26.37,3.27,85.88,0.0
2011,6,11,26.31,3.67,85.25,0.0
2011,6,12,26.12,2.94,87.34,0.0
2011,6,13,26.23,2.8,87.84,30.18
2011,6,14,24.08,4.11,86.16,27.27
2011,6,15,23.9,2.96,90.06,45.33
2011,6,16,24.75,4.11,83.87,27.27
2011,6,17,25.02,3.75,84.37,15.92
2011,6,18,25.23,3.41,90.59,14.32
2011,6,19,25.35,4.18,86.61,2.74
2011,6,20,25.39,4.51,84.61,0.84
2011,6,21,25.34,4.29,84.73,10.18
2011,6,22,25.65,3.74,86.62,32.41
2011,6,23,25.69,3.91,86.79,24.25
2011,6,24,25.86,3.51,87.45,7.62
2011,6,25,25.79,2.99,88.76,36.63
2011,6,26,25.36,2.29,91.07,30.64
2011,6,27,24.69,3.1,89.96,36.92
2011,6,28,24.93,3.38,87.32,5.16
2011,6,29,25.54,3.88,87.68,36.86
2011,6,30,25.52,3.61,88.95,29.76
2011,7,1,24.65,3.3,90.47,47.55
2011,7,2,24.25,3.25,88.06,37.72
2011,7,3,24.29,2.95,88.91,34.02
2011,7,4,24.2,3.5,89.82,19.18
2011,7,5,24.06,4.11,85.1,29.16
2011,7,6,23.12,3.3,86.85,49.19
2011,7,7,23.51,4.03,89.64,23.78
2011,7,8,24.82,4.1,91.05,24.67
2011,7,9,23.31,3.4,88.39,13.63
2011,7,10,24.65,4.26,90.65,35.51
2011,7,11,25.15,3.12,91.12,22.61
2011,7,12,24.58,1.77,92.84,25.11
2011,7,13,23.48,2.3,90.39,58.8
2011,7,14,23.75,1.78,90.59,53.99
2011,7,15,24.2,2.04,92.63,78.72
2011,7,16,24.34,1.62,93.9,76.94
2011,7,17,24.33,1.7,94.25,78.05
2011,7,18,24.53,2.01,92.55,39.7
2011,7,19,24.54,2.01,92.02,25.3
2011,7,20,24.19,2.14,92.28,24.98
2011,7,21,23.94,2.35,91.49,29.88
2011,7,22,24.19,2.79,91.64,13.43
2011,7,23,24.56,2.1,92.19,17.0
2011,7,24,24.94,3.01,91.89,28.54
2011,7,25,24.7,2.25,92.82,57.81
2011,7,26,23.94,3.34,94.28,28.27
2011,7,27,24.13,3.13,92.88,5.16
2011,7,28,23.51,3.04,92.63,20.04
2011,7,29,23.58,2.6,91.09,22.09
2011,7,30,24.02,2.84,92.39,26.35
2011,7,31,23.86,2.96,92.11,13.18
2011,8,1,24.31,3.8,91.89,35.24
2011,8,2,24.37,2.8,92.62,83.43
2011,8,3,23.93,2.32,93.56,60.67
2011,8,4,24.16,2.92,92.9,28.67
2011,8,5,24.03,2.86,92.57,33.55
2011,8,6,24.11,2.5,93.51,54.62
2011,8,7,24.3,3.16,93.02,28.05
2011,8,8,24.04,3.13,92.48,7.12
2011,8,9,24.08,3.37,91.26,8.56
2011,8,10,24.45,3.55,91.67,15.75
2011,8,11,24.61,2.7,91.7,37.05
2011,8,12,24.6,2.34,91.99,22.86
2011,8,13,24.48,3.11,90.01,5.61
2011,8,14,24.55,3.56,90.04,9.03
2011,8,15,24.42,3.02,91.96,27.26
2011,8,16,23.65,2.41,92.7,52.29
2011,8,17,24.17,3.9,90.0,25.07
2011,8,18,23.77,2.22,92.49,63.1
2011,8,19,24.0,2.02,92.98,51.2
2011,8,20,23.61,2.33,94.48,51.92
2011,8,21,23.07,3.8,88.68,20.4
2011,8,22,23.45,4.29,86.0,23.55
2011,8,23,23.38,4.26,89.14,13.56
2011,8,24,23.57,3.66,92.34,11.16
2011,8,25,23.96,3.63,92.46,5.65
2011,8,26,23.73,2.41,91.61,6.82
2011,8,27,24.27,2.27,91.81,8.33
2011,8,28,24.7,2.75,90.33,11.05
2011,8,29,24.52,2.48,91.21,25.6
2011,8,30,24.0,2.62,91.29,36.61
2011,8,31,24.43,2.48,93.37,67.82
2011,9,1,24.38,1.68,94.81,43.63
2011,9,2,24.46,2.06,93.51,57.64
2011,9,3,24.11,2.26,93.31,26.58
2011,9,4,24.22,3.48,92.33,6.64
2011,9,5,24.41,3.68,91.49,4.67
2011,9,6,24.69,3.44,90.82,12.5
2011,9,7,24.6,2.78,91.68,12.86
2011,9,8,24.56,2.88,92.02,20.02
2011,9,9,24.59,2.93,91.95,13.65
2011,9,10,24.65,3.51,91.24,7.71
2011,9,11,24.98,3.75,89.48,17.57
2011,9,12,24.96,3.84,90.35,9.76
2011,9,13,24.2,3.14,90.34,28.63
2011,9,14,24.1,3.68,89.77,48.99
2011,9,15,24.49,3.34,91.9,51.12
2011,9,16,24.71,3.82,89.87,7.25
2011,9,17,24.6,3.63,88.78,4.6
2011,9,18,24.51,3.44,91.04,51.32
2011,9,19,24.29,3.57,90.03,7.16
2011,9,20,24.2,3.29,90.17,1.95
2011,9,21,23.77,4.08,88.86,8.35
2011,9,22,23.82,5.05,86.26,0.56
2011,9,23,23.78,5.57,85.52,0.33
2011,9,24,23.86,5.83,83.26,0.08
2011,9,25,24.22,6.19,82.52,0.0
2011,9,26,24.32,6.58,82.78,0.01
2011,9,27,24.36,6.42,84.24,0.0
2011,9,28,24.48,6.11,83.25,0.34
2011,9,29,24.93,5.84,85.35,0.11
2011,9,30,25.19,5.7,84.41,1.33
2011,10,1,25.21,5.23,84.75,1.95
2011,10,2,25.19,5.26,86.54,0.47
2011,10,3,24.85,7.09,84.38,0.02
2011,10,4,23.87,7.0,82.1,0.0
2011,10,5,23.98,7.82,80.48,0.0
2011,10,6,24.29,6.14,82.37,0.04
2011,10,7,25.08,6.37,83.68,0.0
2011,10,8,24.93,5.3,85.48,2.2
2011,10,9,24.7,3.78,88.35,2.46
2011,10,10,24.58,3.8,90.23,5.21
2011,10,11,24.77,4.05,87.16,36.21
2011,10,12,25.12,5.29,84.2,12.15
2011,10,13,25.17,4.79,85.93,5.45
2011,10,14,25.97,6.09,85.59,8.38
2011,10,15,25.35,4.95,87.97,1.84
2011,10,16,25.14,4.8,86.82,1.39
2011,10,17,25.14,5.61,86.69,2.03
2011,10,18,24.94,5.68,81.89,0.33
2011,10,19,25.25,5.58,82.97,1.93
2011,10,20,25.4,4.86,86.22,0.45
2011,10,21,25.79,5.22,83.72,0.13
2011,10,22,25.47,4.7,83.06,0.06
2011,10,23,25.28,5.68,82.76,26.17
2011,10,24,25.5,6.18,81.63,7.98
2011,10,25,25.24,6.4,81.94,18.96
2011,10,26,25.09,7.02,81.69,2.8
2011,10,27,25.1,6.64,83.5,7.74
2011,10,28,25.54,6.84,78.72,0.44
2011,10,29,25.45,6.66,78.13,10.59
2011,10,30,25.4,6.81,81.8,6.87
2011,10,31,25.62,6.85,80.0,12.7
2011,11,1,25.82,6.42,82.2,12.52
2011,11,2,25.37,5.67,84.64,29.92
2011,11,3,25.04,5.16,86.19,12.5
2011,11,4,25.14,4.27,84.96,0.55
2011,11,5,25.54,5.63,85.33,4.09
2011,11,6,24.97,5.75,86.86,0.79
2011,11,7,24.86,7.82,79.17,1.03
2011,11,8,24.15,9.56,70.04,0.0
2011,11,9,24.08,9.65,68.5,0.0
2011,11,10,24.14,8.35,66.37,0.0
2011,11,11,23.98,8.61,68.93,0.0
2011,11,12,24.07,8.99,70.63,0.0
2011,11,13,23.93,9.54,68.74,0.0
2011,11,14,24.14,9.44,71.31,0.0
2011,11,15,24.03,9.73,74.3,0.0
2011,11,16,23.45,9.98,73.31,0.0
2011,11,17,24.0,10.73,76.67,0.0
2011,11,18,24.53,9.59,75.1,0.0
2011,11,19,22.37,11.58,70.08,0.0
2011,11,20,22.05,11.56,71.73,0.0
2011,11,21,22.41,10.76,70.73,0.0
2011,11,22,22.58,10.52,69.45,0.0
2011,11,23,23.06,10.59,68.61,0.0
2011,11,24,24.51,9.44,76.09,0.0
2011,11,25,25.58,8.37,78.88,0.49
2011,11,26,25.41,5.65,77.54,0.85
2011,11,27,25.61,6.28,81.48,4.49
2011,11,28,24.5,2.94,88.38,1.17
2011,11,29,25.24,5.48,85.68,0.64
2011,11,30,25.62,7.5,82.44,0.01
2011,12,1,25.57,7.56,80.36,0.0
2011,12,2,25.35,6.87,82.46,0.0
2011,12,3,25.09,6.78,82.98,0.0
2011,12,4,24.54,9.09,75.29,0.0
2011,12,5,23.72,10.53,68.61,0.0
2011,12,6,23.77,11.11,69.67,0.0
2011,12,7,23.18,10.17,71.32,0.0
2011,12,8,22.75,9.75,73.77,0.0
2011,12,9,24.95,9.8,77.56,0.0
2011,12,10,25.89,7.72,75.35,0.0
2011,12,11,25.48,9.01,75.92,0.0
2011,12,12,24.71,8.5,73.54,0.0
2011,12,13,23.07,9.67,72.32,0.0
2011,12,14,22.81,10.26,70.6,0.0
2011,12,15,23.73,10.39,69.96,0.0
2011,12,16,23.34,10.08,66.81,0.0
2011,12,17,21.99,10.77,67.95,0.0
2011,12,18,21.67,11.81,68.83,0.0
2011,12,19,21.95,11.34,63.44,0.0
2011,12,20,21.97,11.69,70.14,0.0
2011,12,21,22.32,11.44,66.88,0.0
2011,12,22,22.03,9.22,63.71,0.0
2011,12,23,21.84,9.39,61.98,0.0
2011,12,24,21.87,11.9,64.08,0.0
2011,12,25,21.34,12.8,65.42,0.0
2011,12,26,21.68,12.7,61.48,0.0
2011,12,27,21.96,12.66,65.97,0.0
2011,12,28,21.69,12.18,67.35,0.0
2011,12,29,22.25,13.31,66.5,0.0
2011,12,30,24.83,9.94,74.18,0.0
2011,12,31,23.79,7.48,70.21,0.02
2010,1,1,24.48,4.8,81.12,0.0
2010,1,2,24.32,9.86,74.47,0.0
2010,1,3,23.32,9.93,72.39,0.0
2010,1,4,23.18,10.66,68.85,0.0
2010,1,5,23.52,11.07,68.83,0.0
2010,1,6,23.28,10.35,69.77,0.0
2010,1,7,23.33,9.51,71.0,0.0
2010,1,8,23.81,9.45,71.71,0.0
2010,1,9,24.98,8.42,75.18,0.0
2010,1,10,25.3,6.71,80.88,0.0
2010,1,11,24.84,5.85,82.83,0.27
2010,1,12,24.47,5.89,82.78,0.54
2010,1,13,25.05,7.06,80.88,0.16
2010,1,14,24.57,5.53,82.9,0.56
2010,1,15,24.06,6.04,81.96,0.03
2010,1,16,23.61,10.22,71.34,0.0
2010,1,17,23.78,10.73,72.48,0.0
2010,1,18,23.82,9.98,71.79,0.0
2010,1,19,24.36,9.95,70.48,0.0
2010,1,20,23.91,9.42,73.99,0.0
2010,1,21,22.39,12.12,64.81,0.0
2010,1,22,22.28,12.38,64.49,0.0
2010,1,23,22.2,12.26,64.42,0.0
2010,1,24,22.53,11.28,70.03,0.0
2010,1,25,22.81,10.25,64.73,0.0
2010,1,26,23.15,10.26,67.89,0.0
2010,1,27,23.59,9.94,71.24,0.0
2010,1,28,23.97,9.9,75.28,0.0
2010,1,29,24.32,9.59,71.32,0.0
2010,1,30,24.55,10.24,68.37,0.0
2010,1,31,24.1,10.05,68.17,0.0
2010,2,1,24.17,9.97,69.25,0.0
2010,2,2,23.7,10.01,68.34,0.0
2010,2,3,23.34,11.19,68.89,0.0
2010,2,4,22.88,11.18,68.98,0.0
2010,2,5,23.33,12.0,62.01,0.0
2010,2,6,23.09,11.99,58.37,0.0
2010,2,7,23.95,10.99,59.84,0.0
2010,2,8,24.18,11.16,69.41,0.0
2010,2,9,24.55,10.33,72.95,0.0
2010,2,10,24.95,8.58,74.57,0.0
2010,2,11,25.68,8.59,74.77,0.0
2010,2,12,26.06,8.36,74.56,0.0
2010,2,13,26.16,8.65,72.37,0.0
2010,2,14,26.41,9.06,72.15,0.0
2010,2,15,26.45,9.87,67.8,0.0
2010,2,16,26.54,10.95,63.29,0.0
2010,2,17,26.42,11.22,67.14,0.0
2010,2,18,26.75,10.19,70.58,0.0
2010,2,19,27.03,8.82,71.92,0.0
2010,2,20,26.64,7.52,74.76,0.0
2010,2,21,27.06,9.79,70.45,0.0
2010,2,22,27.06,10.72,66.08,0.0
2010,2,23,26.52,9.56,68.97,0.0
2010,2,24,25.79,10.66,65.87,0.0
2010,2,25,25.97,11.52,59.98,0.0
2010,2,26,26.38,11.4,60.3,0.0
2010,2,27,27.21,12.29,57.54,0.0
2010,2,28,26.7,10.74,69.61,0.0
2010,3,1,26.94,10.5,69.15,0.0
2010,3,2,26.8,9.3,72.75,0.0
2010,3,3,27.06,9.18,71.0,0.0
2010,3,4,26.83,9.43,67.73,0.0
2010,3,5,26.6,9.55,65.46,0.0
2010,3,6,25.94,9.49,68.08,0.0
2010,3,7,26.52,10.71,67.33,0.0
2010,3,8,28.0,12.82,62.73,0.0
2010,3,9,27.92,10.24,66.27,0.0
2010,3,10,27.98,11.44,64.38,0.0
2010,3,11,28.76,12.68,57.47,0.0
2010,3,12,28.53,12.11,54.48,0.0
2010,3,13,26.09,7.17,60.62,0.0
2010,3,14,27.06,9.54,64.54,0.0
2010,3,15,27.95,10.42,63.79,0.0
2010,3,16,27.68,8.72,66.84,1.17
2010,3,17,27.58,9.12,62.41,1.24
2010,3,18,27.55,12.31,54.03,0.0
2010,3,19,27.67,13.08,59.87,0.0
2010,3,20,27.83,11.88,62.63,0.0
2010,3,21,27.66,12.22,63.72,0.0
2010,3,22,27.7,10.55,65.93,0.0
2010,3,23,28.34,10.0,64.5,0.0
2010,3,24,28.43,10.69,65.71,0.0
2010,3,25,28.52,11.34,61.53,0.0
2010,3,26,28.33,10.04,66.84,0.0
2010,3,27,28.28,9.54,68.38,0.0
2010,3,28,28.97,11.25,67.07,0.0
2010,3,29,28.42,9.01,69.73,1.61
2010,3,30,28.23,9.08,67.95,0.2
2010,3,31,27.69,9.85,65.86,0.01
2010,4,1,27.87,12.36,62.97,0.0
2010,4,2,27.88,12.65,62.23,0.0
2010,4,3,29.26,13.81,59.18,0.0
2010,4,4,28.29,8.04,72.03,0.0
2010,4,5,27.61,5.75,74.73,0.0
2010,4,6,27.44,5.64,75.54,0.0
2010,4,7,28.5,8.0,69.21,0.0
2010,4,8,28.07,8.71,69.07,1.38
2010,4,9,28.79,10.34,66.93,0.06
2010,4,10,27.41,6.45,73.26,0.0
2010,4,11,28.1,7.48,71.81,0.0
2010,4,12,27.34,5.33,78.4,5.08
2010,4,13,26.79,4.56,81.45,0.39
2010,4,14,26.96,5.85,77.97,8.66
2010,4,15,28.29,8.21,76.02,0.57
2010,4,16,28.22,7.01,75.23,0.11
2010,4,17,27.3,5.0,80.15,3.99
2010,4,18,26.6,3.93,85.1,4.71
2010,4,19,26.54,3.91,84.49,0.56
2010,4,20,27.08,6.52,77.83,0.0
2010,4,21,27.33,6.36,76.24,0.28
2010,4,22,28.24,8.38,74.8,4.21
2010,4,23,28.46,7.98,75.62,2.96
2010,4,24,27.74,5.75,79.31,1.04
2010,4,25,28.12,7.16,75.85,0.1
2010,4,26,28.37,7.67,75.54,2.9
2010,4,27,28.4,7.25,75.61,2.94
2010,4,28,27.31,5.0,80.02,2.29
2010,4,29,28.42,7.32,74.92,0.24
2010,4,30,27.13,5.94,68.33,1.63
2010,5,1,27.83,8.11,66.83,0.08
2010,5,2,28.43,9.0,70.51,2.28
2010,5,3,28.95,9.1,70.65,0.1
2010,5,4,28.66,8.54,71.6,0.0
2010,5,5,28.39,7.67,72.79,0.0
2010,5,6,29.34,9.4,68.52,0.02
2010,5,7,28.8,7.36,76.93,20.14
2010,5,8,27.76,4.06,81.98,6.7
2010,5,9,28.29,5.47,80.61,0.97
2010,5,10,28.28,6.06,77.48,0.52
2010,5,11,26.43,3.11,87.06,18.33
2010,5,12,26.37,4.29,79.22,0.98
2010,5,13,28.03,6.53,77.57,0.0
2010,5,14,28.05,6.17,75.18,0.0
2010,5,15,28.23,6.32,77.5,0.0
2010,5,16,26.76,4.1,82.52,0.2
2010,5,17,27.72,6.15,75.17,0.15
2010,5,18,28.18,7.75,78.92,18.21
2010,5,19,26.99,2.77,86.67,18.56
2010,5,20,27.27,2.74,85.32,1.15
2010,5,21,27.19,3.01,85.46,1.72
2010,5,22,26.79,4.09,84.55,1.55
2010,5,23,27.26,4.24,83.98,0.61
2010,5,24,27.04,3.79,83.55,0.05
2010,5,25,26.61,2.57,85.79,0.25
2010,5,26,26.74,3.51,83.86,0.3
2010,5,27,27.12,4.62,82.89,0.04
2010,5,28,27.87,6.8,77.23,0.0
2010,5,29,27.65,4.84,81.18,0.23
2010,5,30,26.03,3.61,83.4,12.29
2010,5,31,26.24,3.97,83.87,8.1
2010,6,1,26.81,5.21,78.84,1.33
2010,6,2,27.23,6.52,80.21,3.87
2010,6,3,26.95,5.59,81.39,0.95
2010,6,4,28.0,7.48,78.09,5.44
2010,6,5,26.85,5.09,79.46,7.3
2010,6,6,26.28,5.62,78.89,9.57
2010,6,7,25.16,3.77,79.19,6.24
2010,6,8,25.9,5.74,79.93,4.47
2010,6,9,26.35,5.69,82.64,13.4
2010,6,10,26.7,5.62,83.81,3.61
2010,6,11,26.3,5.17,86.73,33.46
2010,6,12,25.64,2.87,88.71,46.83
2010,6,13,26.11,3.66,86.88,44.98
2010,6,14,25.54,3.35,87.34,87.14
2010,6,15,25.09,2.1,90.07,49.42
2010,6,16,26.02,3.63,89.4,44.67
2010,6,17,25.53,3.37,86.49,56.58
2010,6,18,25.76,3.47,88.67,25.47
2010,6,19,25.91,3.13,89.85,18.76
2010,6,20,25.65,3.58,87.73,2.66
2010,6,21,25.58,4.21,88.3,8.43
2010,6,22,25.47,3.72,89.7,42.12
2010,6,23,25.55,2.75,88.87,32.22
2010,6,24,25.09,2.27,91.63,64.33
2010,6,25,25.02,2.48,90.45,100.2
2010,6,26,25.92,2.77,91.39,54.63
2010,6,27,25.39,4.04,90.3,6.07
2010,6,28,26.03,4.36,89.74,14.16
2010,6,29,26.01,3.13,88.9,10.82
2010,6,30,25.37,3.22,90.77,16.48
2010,7,1,23.8,3.78,89.71,77.99
2010,7,2,23.67,2.14,90.6,24.7
2010,7,3,24.21,2.9,88.16,34.3
2010,7,4,24.54,3.46,91.67,84.28
2010,7,5,24.29,2.45,90.69,43.46
2010,7,6,24.23,2.96,91.4,41.19
2010,7,7,23.79,2.82,92.37,50.53
2010,7,8,24.02,4.68,87.38,10.47
2010,7,9,24.2,5.29,85.29,2.51
2010,7,10,25.31,5.55,86.88,3.59
2010,7,11,25.68,4.63,88.59,2.73
2010,7,12,24.83,3.34,90.85,3.54
2010,7,13,23.56,3.35,86.51,5.39
2010,7,14,23.76,3.27,88.82,9.07
2010,7,15,24.13,4.48,89.09,71.56
2010,7,16,24.09,3.26,92.07,57.76
2010,7,17,23.94,2.67,90.21,33.51
2010,7,18,24.49,2.46,90.87,48.84
2010,7,19,24.93,2.09,93.0,105.03
2010,7,20,24.55,1.72,92.88,86.52
2010,7,21,24.16,2.47,93.85,73.79
2010,7,22,24.0,2.69,92.28,29.51
2010,7,23,24.55,3.0,91.68,14.71
2010,7,24,24.4,1.77,92.64,38.22
2010,7,25,24.44,2.02,93.34,36.88
2010,7,26,24.38,2.16,91.79,33.63
2010,7,27,24.77,2.69,92.1,46.28
2010,7,28,24.44,2.23,93.57,47.5
2010,7,29,23.86,2.27,94.13,154.45
2010,7,30,23.84,2.52,92.82,120.53
2010,7,31,24.26,3.04,91.27,66.33
2010,8,1,24.36,3.2,90.68,18.09
2010,8,2,24.66,3.51,91.42,11.12
2010,8,3,24.43,2.27,93.49,18.68
2010,8,4,24.35,1.62,93.87,8.55
2010,8,5,24.65,3.36,91.29,6.48
2010,8,6,24.92,3.34,90.86,14.52
2010,8,7,24.9,2.61,92.08,14.93
2010,8,8,25.11,3.37,90.48,6.2
2010,8,9,24.95,4.38,88.41,1.19
2010,8,10,24.95,4.67,87.84,13.68
2010,8,11,25.07,3.6,89.28,14.06
2010,8,12,24.94,3.26,91.76,17.73
2010,8,13,24.45,3.67,91.3,13.79
2010,8,14,24.6,3.67,91.52,5.21
2010,8,15,24.57,2.73,93.28,27.94
2010,8,16,23.94,2.89,94.58,50.31
2010,8,17,23.99,3.43,91.96,38.48
2010,8,18,23.77,2.76,92.9,13.71
2010,8,19,24.04,3.23,92.08,11.84
2010,8,20,23.67,3.4,91.82,5.01
2010,8,21,23.56,3.66,92.22,35.29
2010,8,22,23.76,3.61,92.88,36.15
2010,8,23,24.14,3.11,93.28,21.59
2010,8,24,23.57,2.48,94.3,63.24
2010,8,25,23.2,1.57,93.76,50.77
2010,8,26,23.96,2.77,93.16,39.37
2010,8,27,24.19,2.32,94.02,24.45
2010,8,28,24.67,3.56,92.97,9.07
2010,8,29,24.35,2.62,94.18,9.19
2010,8,30,23.31,3.47,94.02,69.55
2010,8,31,23.24,3.23,93.47,10.2
2010,9,1,23.85,3.32,92.17,12.81
2010,9,2,24.31,4.09,90.68,11.36
2010,9,3,24.09,2.88,92.66,14.81
2010,9,4,24.11,3.0,91.92,13.74
2010,9,5,24.29,2.77,92.98,14.48
2010,9,6,24.29,2.78,92.55,37.38
2010,9,7,24.37,2.44,93.32,35.48
2010,9,8,24.64,3.07,92.02,31.96
2010,9,9,24.69,2.89,92.58,30.32
2010,9,10,24.41,2.83,92.79,57.44
2010,9,11,24.36,3.33,90.72,4.44
2010,9,12,24.52,4.16,90.63,7.96
2010,9,13,23.89,3.58,91.59,12.96
2010,9,14,23.42,3.77,90.05,58.2
2010,9,15,23.51,3.49,92.18,38.59
2010,9,16,23.22,3.62,87.86,21.77
2010,9,17,23.54,3.52,90.69,4.16
2010,9,18,23.87,4.04,88.81,2.56
2010,9,19,24.04,4.74,86.83,0.2
2010,9,20,24.41,5.44,83.89,0.0
2010,9,21,24.99,5.34,84.39,19.16
2010,9,22,24.51,4.11,88.51,3.44
2010,9,23,25.64,5.41,89.26,85.8
2010,9,24,25.27,4.78,87.84,12.76
2010,9,25,24.52,3.61,88.05,8.13
2010,9,26,25.85,5.96,86.1,6.15
2010,9,27,25.34,5.08,87.74,22.53
2010,9,28,25.54,5.68,87.28,10.85
2010,9,29,25.97,6.86,85.01,9.69
2010,9,30,25.41,5.14,83.66,15.56
2010,10,1,26.06,6.35,84.7,5.12
2010,10,2,24.94,4.1,89.07,30.39
2010,10,3,25.91,6.34,86.96,21.65
2010,10,4,25.66,5.4,85.89,2.44
2010,10,5,25.9,5.33,87.36,5.54
2010,10,6,24.82,3.08,90.92,15.02
2010,10,7,25.2,3.95,88.42,2.42
2010,10,8,25.54,4.03,88.03,1.09
2010,10,9,25.18,4.39,86.61,0.12
2010,10,10,25.19,4.99,85.06,0.0
2010,10,11,24.75,5.0,80.23,0.0
2010,10,12,24.62,5.07,82.77,1.48
2010,10,13,24.64,4.84,86.1,9.88
2010,10,14,24.38,3.66,88.69,6.01
2010,10,15,24.57,3.99,88.17,10.14
2010,10,16,24.22,3.38,88.29,22.52
2010,10,17,24.22,3.78,86.79,7.19
2010,10,18,24.39,4.17,86.96,8.63
2010,10,19,24.86,4.53,88.21,5.43
2010,10,20,24.86,3.73,88.58,0.74
2010,10,21,24.68,3.3,90.23,84.89
2010,10,22,24.49,2.11,91.57,67.78
2010,10,23,24.59,3.24,91.68,9.02
2010,10,24,24.5,4.56,88.92,4.41
2010,10,25,24.46,4.82,87.13,0.28
2010,10,26,25.29,5.24,86.88,24.2
2010,10,27,25.13,4.28,90.09,11.75
2010,10,28,24.76,6.46,85.59,0.07
2010,10,29,25.1,7.5,83.93,0.0
2010,10,30,25.22,7.37,82.45,2.32
2010,10,31,24.79,6.02,83.99,3.47
2010,11,1,25.1,6.36,83.55,5.19
2010,11,2,24.23,4.26,89.0,34.93
2010,11,3,24.49,4.34,87.24,5.42
2010,11,4,24.96,5.25,88.16,1.73
2010,11,5,23.7,5.72,79.99,12.81
2010,11,6,23.58,5.7,84.18,2.0
2010,11,7,23.77,4.22,86.18,27.51
2010,11,8,23.48,3.99,92.01,29.4
2010,11,9,24.43,6.0,88.58,12.47
2010,11,10,25.07,4.68,87.97,2.79
2010,11,11,23.62,3.4,92.18,48.3
2010,11,12,24.75,5.62,85.38,0.64
2010,11,13,25.45,5.69,87.22,12.17
2010,11,14,26.11,6.45,85.23,10.73
2010,11,15,25.15,4.99,88.83,8.54
2010,11,16,24.75,4.77,86.05,8.86
2010,11,17,24.45,3.0,86.51,21.52
2010,11,18,24.97,6.02,85.85,1.74
2010,11,19,24.79,6.05,82.06,12.56
2010,11,20,24.83,6.03,82.89,2.03
2010,11,21,23.91,4.6,87.81,1.75
2010,11,22,24.1,4.98,86.56,2.02
2010,11,23,24.3,4.01,86.72,4.38
2010,11,24,24.9,5.17,84.55,0.71
2010,11,25,25.25,5.76,79.8,0.0
2010,11,26,24.91,5.61,79.14,0.13
2010,11,27,24.47,6.41,78.32,0.01
2010,11,28,24.31,6.16,81.74,0.18
2010,11,29,24.41,7.8,79.1,0.04
2010,11,30,24.48,7.68,77.39,0.0
2010,12,1,25.22,6.82,77.78,0.0
2010,12,2,24.86,5.5,82.66,1.22
2010,12,3,24.56,6.3,77.51,0.02
2010,12,4,24.08,8.92,76.89,0.0
2010,12,5,22.04,7.87,75.6,0.0
2010,12,6,22.36,8.06,75.81,0.0
2010,12,7,24.28,7.52,78.34,0.0
2010,12,8,24.53,5.95,82.17,0.0
2010,12,9,24.22,4.58,85.12,0.02
2010,12,10,23.25,4.15,86.48,9.7
2010,12,11,22.87,5.86,84.84,0.94
2010,12,12,22.09,6.26,80.53,0.0
2010,12,13,21.82,6.88,78.52,0.0
2010,12,14,23.02,7.81,80.58,0.0
2010,12,15,24.16,6.35,82.36,0.04
2010,12,16,23.52,3.7,84.25,0.01
2010,12,17,23.64,3.84,83.78,0.05
2010,12,18,23.87,10.04,81.21,0.0
2010,12,19,21.37,8.16,75.23,0.0
2010,12,20,23.52,8.6,79.16,0.0
2010,12,21,23.0,11.9,76.65,0.0
2010,12,22,21.48,11.84,68.82,0.0
2010,12,23,22.03,11.79,63.06,0.0
2010,12,24,22.04,10.03,66.22,0.0
2010,12,25,22.72,10.09,68.83,0.0
2010,12,26,22.9,8.69,78.47,0.0
2010,12,27,22.7,6.96,81.12,0.0
2010,12,28,22.88,8.42,71.67,0.0
2010,12,29,24.08,9.13,73.99,0.02
2010,12,30,24.43,6.77,78.91,0.0
2010,12,31,23.76,7.2,80.71,0.01
,,,,,,
,,,,,,
,,,,,,
,,,,,,
,,,,,,
,,,,,,
,,,,,,
,,,,,,
,,,,,,
,,,,,,
,,,,,,
,,,,,,
